Date,Actual,Naive Forecast
2017-06-08,66.35821241388976,66.47717239819406
2017-06-09,65.92809470544562,66.35821241388976
2017-06-12,63.37479552992696,65.92809470544562
2017-06-13,64.07945103255537,63.37479552992696
2017-06-14,64.89394349144354,64.07945103255537
2017-06-15,63.39308397565873,64.89394349144354
2017-06-16,63.81406726367506,63.39308397565873
2017-06-19,64.51871892921932,63.81406726367506
2017-06-20,64.81160094076374,64.51871892921932
2017-06-21,64.25332784965953,64.81160094076374
2017-06-22,64.5553616231796,64.25332784965953
2017-06-23,64.1435442506611,64.5553616231796
2017-06-26,65.3423949559285,64.1435442506611
2017-06-27,64.16182925369118,65.3423949559285
2017-06-28,63.33819551214798,64.16182925369118
2017-06-29,63.49378240924405,63.33819551214798
2017-06-30,62.94466058014724,63.49378240924405
2017-07-03,63.448005691407616,62.94466058014724
2017-07-05,62.46878493627339,63.448005691407616
2017-07-06,62.47792514335693,62.46878493627339
2017-07-07,62.871451502017585,62.47792514335693
2017-07-10,63.56697511036691,62.871451502017585
2017-07-11,64.06113261030492,63.56697511036691
2017-07-12,64.69261398024031,64.06113261030492
2017-07-13,65.43390974224934,64.69261398024031
2017-07-14,66.11112912844926,65.43390974224934
2017-07-17,66.62358168936599,66.11112912844926
2017-07-18,66.88900238343398,66.62358168936599
2017-07-19,67.26424613298367,66.88900238343398
2017-07-20,67.88652663513129,67.26424613298367
2017-07-21,67.21844427436737,67.88652663513129
2017-07-24,67.29167489501883,67.21844427436737
2017-07-25,67.53875647539746,67.29167489501883
2017-07-26,68.03292233633012,67.53875647539746
2017-07-27,67.5021812753711,68.03292233633012
2017-07-28,66.50465013446151,67.5021812753711
2017-07-31,67.08114433501349,66.50465013446151
2017-08-01,66.8981822863438,67.08114433501349
2017-08-02,66.39481447213186,66.8981822863438
2017-08-03,66.06534713630145,66.39481447213186
2017-08-04,66.25756559780912,66.06534713630145
2017-08-07,66.62361831857855,66.25756559780912
2017-08-08,65.97383282633844,66.62361831857855
2017-08-09,66.12026568547482,65.97383282633844
2017-08-10,65.79995810513952,66.12026568547482
2017-08-11,65.53456117174075,65.79995810513952
2017-08-14,66.8615243911622,65.53456117174075
2017-08-15,67.70538348958331,66.8615243911622
2017-08-16,67.4753815297918,67.70538348958331
2017-08-17,67.69618399048835,67.4753815297918
2017-08-18,66.49095808473443,67.69618399048835
2017-08-21,66.6749269244534,66.49095808473443
2017-08-22,66.56453550150714,66.6749269244534
2017-08-23,67.12576711414219,66.56453550150714
2017-08-24,66.92334739430754,67.12576711414219
2017-08-25,67.03378101874925,66.92334739430754
2017-08-28,67.21779167406281,67.03378101874925
2017-08-29,66.47255653114787,67.21779167406281
2017-08-30,67.17178439231782,66.47255653114787
2017-08-31,68.11020678072649,67.17178439231782
2017-09-01,68.73582109026174,68.11020678072649
2017-09-05,67.47537198843962,68.73582109026174
2017-09-06,67.84341017624334,67.47537198843962
2017-09-07,67.78820421406732,67.84341017624334
2017-09-08,68.386227574517,67.78820421406732
2017-09-11,68.36780980456918,68.386227574517
2017-09-12,68.78184120319538,68.36780980456918
2017-09-13,68.93823022368639,68.78184120319538
2017-09-14,69.00264207464848,68.93823022368639
2017-09-15,68.84625161777285,69.00264207464848
2017-09-18,69.21425112115688,68.84625161777285
2017-09-19,69.19583666068635,69.21425112115688
2017-09-20,69.32466723059184,69.19583666068635
2017-09-21,69.10385875596825,69.32466723059184
2017-09-22,68.0733958977064,69.10385875596825
2017-09-25,68.16542618614483,68.0733958977064
2017-09-26,67.7790129644058,68.16542618614483
2017-09-27,67.66858140138861,67.7790129644058
2017-09-28,67.65939935025297,67.66858140138861
2017-09-29,68.0274091973174,67.65939935025297
2017-10-02,68.73582382558774,68.0274091973174
2017-10-03,68.69903394184199,68.73582382558774
2017-10-04,68.16541095719836,68.69903394184199
2017-10-05,69.20503900594026,68.16541095719836
2017-10-06,69.61907037820875,69.20503900594026
2017-10-09,69.89507267028878,69.61907037820875
2017-10-10,70.22628589152819,69.89507267028878
2017-10-11,70.25388979375548,70.22628589152819
2017-10-12,70.37349826752057,70.25388979375548
2017-10-13,71.38552017271549,70.37349826752057
2017-10-16,71.22912367825273,71.38552017271549
2017-10-17,71.2751288316283,71.22912367825273
2017-10-18,71.45913816380744,71.2751288316283
2017-10-19,71.36713887267909,71.45913816380744
2017-10-20,72.05715742939844,71.36713887267909
2017-10-23,72.67357679543517,72.05715742939844
2017-10-24,72.59078021740346,72.67357679543517
2017-10-25,72.29636390419765,72.59078021740346
2017-10-26,72.8667858168833,72.29636390419765
2017-10-27,77.62337882497813,72.8667858168833
2017-10-30,77.00693851350955,77.62337882497813
2017-10-31,77.61416035819461,77.00693851350955
2017-11-01,76.98853621941221,77.61416035819461
2017-11-02,76.68496562135957,76.98853621941221
2017-11-03,77.35656618294188,76.68496562135957
2017-11-06,77.46697196713244,77.35656618294188
2017-11-07,77.99138972285083,77.46697196713244
2017-11-08,77.41175890897365,77.99138972285083
2017-11-09,77.38416543903732,77.41175890897365
2017-11-10,77.08976371161019,77.38416543903732
2017-11-13,76.97013762497768,77.08976371161019
2017-11-14,76.82297236479997,76.97013762497768
2017-11-15,77.18102279913361,76.82297236479997
2017-11-16,76.83887892954927,77.18102279913361
2017-11-17,76.85737300775662,76.83887892954927
2017-11-20,76.19164115483584,76.85737300775662
2017-11-21,76.50599724938955,76.19164115483584
2017-11-22,77.51389783969576,76.50599724938955
2017-11-24,76.75568296469844,77.51389783969576
2017-11-27,77.0330759925436,76.75568296469844
2017-11-28,77.73583311009995,77.0330759925436
2017-11-29,78.32759493741978,77.73583311009995
2017-11-30,77.21800842359843,78.32759493741978
2017-12-01,77.30123038404925,77.21800842359843
2017-12-04,78.05943913854256,77.30123038404925
2017-12-05,75.2114935386744,78.05943913854256
2017-12-06,75.40567668409805,75.2114935386744
2017-12-07,76.32110744821715,75.40567668409805
2017-12-08,77.32896487316188,76.32110744821715
2017-12-11,77.93924709498137,77.32896487316188
2017-12-12,78.88238852978273,77.93924709498137
2017-12-13,79.27998776280634,78.88238852978273
2017-12-14,78.99334826201913,79.27998776280634
2017-12-15,78.83615893718188,78.99334826201913
2017-12-18,80.55603089470692,78.83615893718188
2017-12-19,79.8440074922699,80.55603089470692
2017-12-20,79.70534258091486,79.8440074922699
2017-12-21,79.56663848905775,79.70534258091486
2017-12-22,78.96562431112328,79.56663848905775
2017-12-26,78.8823611350621,78.96562431112328
2017-12-27,79.1967735788172,78.8823611350621
2017-12-28,79.42794347166114,79.1967735788172
2017-12-29,79.17826262132606,79.42794347166114
2018-01-02,79.64059755863828,79.17826262132606
2018-01-03,79.5758660334768,79.64059755863828
2018-01-04,80.06592046507883,79.5758660334768
2018-01-05,81.05532088284228,80.06592046507883
2018-01-08,81.5546421727971,81.05532088284228
2018-01-09,81.97075298323247,81.5546421727971
2018-01-10,81.24026466894988,81.97075298323247
2018-01-11,81.48992363158737,81.24026466894988
2018-01-12,81.98921395404409,81.48992363158737
2018-01-16,83.31148409656204,81.98921395404409
2018-01-17,82.3683321726704,83.31148409656204
2018-01-18,83.03408518219909,82.3683321726704
2018-01-19,83.34846062744812,83.03408518219909
2018-01-22,83.21902899736216,83.34846062744812
2018-01-23,84.9758529663086,83.21902899736216
2018-01-24,85.5768954405483,84.9758529663086
2018-01-25,85.5029100904631,85.5768954405483
2018-01-26,86.10394244149076,85.5029100904631
2018-01-29,87.97173175988235,86.10394244149076
2018-01-30,86.27039079143671,87.97173175988235
2018-01-31,86.6864714601148,86.27039079143671
2018-02-01,87.64810926990558,86.6864714601148
2018-02-02,86.58475884120386,87.64810926990558
2018-02-05,83.73683734214865,86.58475884120386
2018-02-06,80.34333319778932,83.73683734214865
2018-02-07,83.672085215394,80.34333319778932
2018-02-08,82.95086734639878,83.672085215394
2018-02-09,79.7977977208944,82.95086734639878
2018-02-12,82.05395845099227,79.7977977208944
2018-02-13,82.22962946541861,82.05395845099227
2018-02-14,82.22573999092316,82.22962946541861
2018-02-15,84.7340168431493,82.22573999092316
2018-02-16,85.88596516176577,84.7340168431493
2018-02-20,84.98485323456015,85.88596516176577
2018-02-21,86.37835463062913,84.98485323456015
2018-02-22,85.51438917536285,86.37835463062913
2018-02-23,86.95432168984101,85.51438917536285
2018-02-26,87.69753492107328,86.95432168984101
2018-02-27,88.9423938268246,87.69753492107328
2018-02-28,88.10628785202275,88.9423938268246
2018-03-01,87.31662680739052,88.10628785202275
2018-03-02,85.07775975290876,87.31662680739052
2018-03-05,85.78379130917797,85.07775975290876
2018-03-06,87.64182087999512,85.78379130917797
2018-03-07,86.54557281129753,87.64182087999512
2018-03-08,87.57675954422248,86.54557281129753
2018-03-09,88.52432094258255,87.57675954422248
2018-03-12,89.6484347756913,88.52432094258255
2018-03-13,90.1129456621629,89.6484347756913
2018-03-14,88.36643303949603,90.1129456621629
2018-03-15,86.88928272602354,88.36643303949603
2018-03-16,87.95766057882375,86.88928272602354
2018-03-19,87.08437900616933,87.95766057882375
2018-03-20,86.4434008854199,87.08437900616933
2018-03-21,86.33190334713721,86.4434008854199
2018-03-22,84.78976332796469,86.33190334713721
2018-03-23,83.14545180708922,84.78976332796469
2018-03-26,84.1766328628994,83.14545180708922
2018-03-27,88.1991963031693,84.1766328628994
2018-03-28,83.44271337410682,88.1991963031693
2018-03-29,83.7771585525324,83.44271337410682
2018-04-02,84.04656098026531,83.7771585525324
2018-04-03,83.2197630322219,84.04656098026531
2018-04-04,81.61258570323538,83.2197630322219
2018-04-05,85.87671341585957,81.61258570323538
2018-04-06,84.99415012745287,85.87671341585957
2018-04-09,84.57609010696288,84.99415012745287
2018-04-10,85.83023852760275,84.57609010696288
2018-04-11,85.47722667728368,85.83023852760275
2018-04-12,85.86740983262703,85.47722667728368
2018-04-13,87.3723828536739,85.86740983262703
2018-04-16,87.3909805591523,87.3723828536739
2018-04-17,88.25492589115689,87.3909805591523
2018-04-18,89.38831615808506,88.25492589115689
2018-04-19,89.59270431524477,89.38831615808506
2018-04-20,89.10031360444417,89.59270431524477
2018-04-23,88.94237194859879,89.10031360444417
2018-04-24,89.4068805451384,88.94237194859879
2018-04-25,86.67565021373002,89.4068805451384
2018-04-26,86.90787815316423,86.67565021373002
2018-04-27,90.67032591469795,86.90787815316423
2018-04-30,89.49050539773997,90.67032591469795
2018-05-01,86.59201159823846,89.49050539773997
2018-05-02,88.24565030010453,86.59201159823846
2018-05-03,86.35976340142737,88.24565030010453
2018-05-04,86.69421725781298,86.35976340142737
2018-05-07,88.41287629096308,86.69421725781298
2018-05-08,89.04459185712525,88.41287629096308
2018-05-09,89.19322790796997,89.04459185712525
2018-05-10,90.54028948256318,89.19322790796997
2018-05-11,90.85611969648016,90.54028948256318
2018-05-14,90.96761846016555,90.85611969648016
2018-05-15,90.33588038918248,90.96761846016555
2018-05-16,90.8393977098841,90.33588038918248
2018-05-17,90.27960593414002,90.8393977098841
2018-05-18,89.57982204601946,90.27960593414002
2018-05-21,90.503517455797,89.57982204601946
2018-05-22,91.13797669699656,90.503517455797
2018-05-23,90.2329478486684,91.13797669699656
2018-05-24,92.11765297199044,90.2329478486684
2018-05-25,91.71647401662034,92.11765297199044
2018-05-29,91.2872572507059,91.71647401662034
2018-05-30,91.7257780900643,91.2872572507059
2018-05-31,92.64013413782376,91.7257780900643
2018-06-01,92.63081690639068,92.64013413782376
2018-06-04,94.47820374776153,92.63081690639068
2018-06-05,95.16865478375492,94.47820374776153
2018-06-06,95.61649121207918,95.16865478375492
2018-06-07,95.77510941539232,95.61649121207918
2018-06-08,94.31959042279787,95.77510941539232
2018-06-11,94.2449580741218,94.31959042279787
2018-06-12,94.32894481314302,94.2449580741218
2018-06-13,94.9074078067134,94.32894481314302
2018-06-14,94.84210921660532,94.9074078067134
2018-06-15,94.71146957310737,94.84210921660532
2018-06-18,93.31192511191811,94.71146957310737
2018-06-19,92.97603520815018,93.31192511191811
2018-06-20,94.58084267900172,92.97603520815018
2018-06-21,95.24328810219512,94.58084267900172
2018-06-22,93.68515014648438,95.24328810219512
2018-06-25,93.3025950177161,93.68515014648438
2018-06-26,92.20163273369263,93.3025950177161
2018-06-27,92.9107285854079,92.20163273369263
2018-06-28,90.85806297930654,92.9107285854079
2018-06-29,92.30425190001613,90.85806297930654
2018-07-02,91.52984480370154,92.30425190001613
2018-07-03,93.75047994729832,91.52984480370154
2018-07-05,92.8360703479718,93.75047994729832
2018-07-06,93.19994854753472,92.8360703479718
2018-07-09,94.8420841907435,93.19994854753472
2018-07-10,95.16865869913448,94.8420841907435
2018-07-11,94.37558818118698,95.16865869913448
2018-07-12,95.88708037648068,94.37558818118698
2018-07-13,97.3799368700942,95.88708037648068
2018-07-16,98.3409392799376,97.3799368700942
2018-07-17,97.6038441166909,98.3409392799376
2018-07-18,98.84477000921528,97.6038441166909
2018-07-19,97.90239283140316,98.84477000921528
2018-07-20,100.8414537472979,97.90239283140316
2018-07-23,99.18065613184564,100.8414537472979
2018-07-24,101.29862724562688,99.18065613184564
2018-07-25,100.72948518082396,101.29862724562688
2018-07-26,103.32328953997472,100.72948518082396
2018-07-27,102.80079599770872,103.32328953997472
2018-07-30,100.01106489533323,102.80079599770872
2018-07-31,99.35794746109642,100.01106489533323
2018-08-01,98.92875367393098,99.35794746109642
2018-08-02,98.34093599437423,98.92875367393098
2018-08-03,100.58018346855144,98.34093599437423
2018-08-06,100.87875927821752,100.58018346855144
2018-08-07,101.28930731023124,100.87875927821752
2018-08-08,102.0077248654286,101.28930731023124
2018-08-09,102.36227306297106,102.0077248654286
2018-08-10,102.09167531789004,102.36227306297106
2018-08-13,101.9237305286294,102.09167531789004
2018-08-14,101.28929460889933,101.9237305286294
2018-08-15,101.6135298169909,101.28929460889933
2018-08-16,101.43553767789318,101.6135298169909
2018-08-17,100.55515080151878,101.43553767789318
2018-08-20,100.69563297072963,100.55515080151878
2018-08-21,100.14304905647025,100.69563297072963
2018-08-22,99.1408722477001,100.14304905647025
2018-08-23,100.3584531330236,99.1408722477001
2018-08-24,100.84551018956874,100.3584531330236
2018-08-27,102.34409016876644,100.84551018956874
2018-08-28,102.97161480891508,102.34409016876644
2018-08-29,103.44929682357731,102.97161480891508
2018-08-30,104.59195843427985,103.44929682357731
2018-08-31,104.6106872348501,104.59195843427985
2018-09-04,103.8239570246133,104.6106872348501
2018-09-05,103.97379524247468,103.8239570246133
2018-09-06,101.38873904081376,103.97379524247468
2018-09-07,101.3699860226156,101.38873904081376
2018-09-10,101.94135443905,101.3699860226156
2018-09-11,101.9975299826392,101.94135443905
2018-09-12,104.36719641126678,101.9975299826392
2018-09-13,105.01345187766594,104.36719641126678
2018-09-14,106.1748435654324,105.01345187766594
2018-09-17,106.48392384717786,106.1748435654324
2018-09-18,105.07901701986428,106.48392384717786
2018-09-19,105.88450181678124,105.07901701986428
2018-09-20,105.16330010516393,105.88450181678124
2018-09-21,106.77427709551772,105.16330010516393
2018-09-24,105.86575924191418,106.77427709551772
2018-09-25,107.5235688420918,105.86575924191418
2018-09-26,107.2144713070639,107.5235688420918
2018-09-27,107.5048228931359,107.2144713070639
2018-09-28,106.95221262099795,107.5048228931359
2018-10-01,107.4767585751002,106.95221262099795
2018-10-02,107.99188092238316,107.4767585751002
2018-10-03,108.10427130511418,107.99188092238316
2018-10-04,107.34560994477448,108.10427130511418
2018-10-05,105.49111250440242,107.34560994477448
2018-10-08,104.58259299313131,105.49111250440242
2018-10-09,104.0955336935652,104.58259299313131
2018-10-10,104.18922787305036,104.0955336935652
2018-10-11,98.67255710704164,104.18922787305036
2018-10-12,102.10058848729624,98.67255710704164
2018-10-15,102.00691026423516,102.10058848729624
2018-10-16,102.59695746865006,102.00691026423516
2018-10-17,104.60134458364416,102.59695746865006
2018-10-18,103.12147931747936,104.60134458364416
2018-10-19,102.02564181004328,103.12147931747936
2018-10-22,102.39091794936716,102.02564181004328
2018-10-23,100.93916007004732,102.39091794936716
2018-10-24,101.53860878084352,100.93916007004732
2018-10-25,99.79648338280052,101.53860878084352
2018-10-26,98.99098137209084,99.79648338280052
2018-10-29,101.25761226626004,98.99098137209084
2018-10-30,97.08967241960454,101.25761226626004
2018-10-31,98.75684848160708,97.08967241960454
2018-11-01,100.2648175696326,98.75684848160708
2018-11-02,99.7309380324253,100.2648175696326
2018-11-05,99.62788324297482,99.7309380324253
2018-11-06,100.57388064762594,99.62788324297482
2018-11-07,102.50331590118527,100.57388064762594
2018-11-08,104.71374195392536,102.50331590118527
2018-11-09,103.82395978563204,104.71374195392536
2018-11-12,102.4845666109885,103.82395978563204
2018-11-13,100.73309498893498,102.4845666109885
2018-11-14,101.68565086952889,100.73309498893498
2018-11-15,98.76019537835568,101.68565086952889
2018-11-16,100.72616361845134,98.76019537835568
2018-11-19,101.8455532028221,100.72616361845134
2018-11-20,95.75946806444053,101.8455532028221
2018-11-21,97.45267543808896,95.75946806444053
2018-11-23,96.10753397131032,97.45267543808896
2018-11-26,98.5720453826996,96.10753397131032
2018-11-27,99.96422884335932,98.5720453826996
2018-11-28,101.48809234642292,99.96422884335932
2018-11-29,103.78331879252912,101.48809234642292
2018-11-30,104.1313761294936,103.78331879252912
2018-12-03,106.29489513240664,104.1313761294936
2018-12-04,105.2977832000353,106.29489513240664
2018-12-06,99.54094675281968,105.2977832000353
2018-12-07,101.94903824893817,99.54094675281968
2018-12-10,98.58144447244034,101.94903824893817
2018-12-11,103.28476886837537,98.58144447244034
2018-12-12,104.31007999892856,103.28476886837537
2018-12-13,103.07781136325504,104.31007999892856
2018-12-14,101.82673668565224,103.07781136325504
2018-12-17,99.15527982702552,101.82673668565224
2018-12-18,97.59375039442142,99.15527982702552
2018-12-19,97.49967274743106,97.59375039442142
2018-12-20,96.9352851030243,97.49967274743106
2018-12-21,95.59955379775604,96.9352851030243
2018-12-24,91.8839340526062,95.59955379775604
2018-12-26,89.49465026573576,91.8839340526062
2018-12-27,93.40781094291803,89.49465026573576
2018-12-28,96.03225208435444,93.40781094291803
2018-12-31,95.27974450768664,96.03225208435444
2019-01-02,93.64297941413524,95.27974450768664
2019-01-03,94.16033074254226,93.64297941413524
2019-01-04,93.802880785496,94.16033074254226
2019-01-07,95.60895932541956,93.802880785496
2019-01-08,96.92588368231492,95.60895932541956
2019-01-09,97.6972330084358,96.92588368231492
2019-01-10,97.0952255478401,97.6972330084358
2019-01-11,97.06698452005102,97.0952255478401
2019-01-14,95.85353568776672,97.06698452005102
2019-01-15,96.42734240738814,95.85353568776672
2019-01-16,99.01416973322333,96.42734240738814
2019-01-17,98.76959049376892,99.01416973322333
2019-01-18,101.0836209273738,98.76959049376892
2019-01-22,100.4157418817301,101.0836209273738
2019-01-23,99.82313284892456,100.4157418817301
2019-01-24,100.51922497216351,99.82313284892456
2019-01-25,100.87666000186604,100.51922497216351
2019-01-28,99.95483102260442,100.87666000186604
2019-01-29,98.65669055494828,99.95483102260442
2019-01-30,98.41213442999036,98.65669055494828
2019-01-31,97.64079873275674,98.41213442999036
2019-02-01,97.62196757106378,97.64079873275674
2019-02-04,96.76596305938854,97.62196757106378
2019-02-05,99.76669211070543,96.76596305938854
2019-02-06,100.65090831745763,99.76669211070543
2019-02-07,98.94833487915822,100.65090831745763
2019-02-08,98.19578647586464,98.94833487915822
2019-02-11,99.89837214440291,98.19578647586464
2019-02-12,99.84194252110234,99.89837214440291
2019-02-13,101.12124280346862,99.84194252110234
2019-02-14,100.00185946696917,101.12124280346862
2019-02-15,101.5069274036748,100.00185946696917
2019-02-19,101.39402326610434,101.5069274036748
2019-02-20,101.89320282389404,101.39402326610434
2019-02-21,100.98628843332556,101.89320282389404
2019-02-22,103.96204232450457,100.98628843332556
2019-02-25,105.5774330389996,103.96204232450457
2019-02-26,105.10510236876468,105.5774330389996
2019-02-27,105.51132503402692,105.10510236876468
2019-02-28,105.84193783081244,105.51132503402692
2019-03-01,106.6449407747725,105.84193783081244
2019-03-04,106.76772574917204,106.6449407747725
2019-03-05,106.0403441642507,106.76772574917204
2019-03-06,105.6813802748634,106.0403441642507
2019-03-07,105.23735484395336,105.6813802748634
2019-03-08,103.12127459905732,105.23735484395336
2019-03-11,104.85004171352884,103.12127459905732
2019-03-12,106.57879445810104,104.85004171352884
2019-03-13,107.81633643739436,106.57879445810104
2019-03-14,108.20364770493006,107.81633643739436
2019-03-15,108.95938165118687,108.20364770493006
2019-03-18,109.7434789074951,108.95938165118687
2019-03-19,111.55725585448415,109.7434789074951
2019-03-20,110.89600825538524,111.55725585448415
2019-03-21,110.65983374586412,110.89600825538524
2019-03-22,112.88926952574172,110.65983374586412
2019-03-25,110.11187792240752,112.88926952574172
2019-03-26,112.05795957601282,110.11187792240752
2019-03-27,111.35887521724038,112.05795957601282
2019-03-28,110.94321456917842,111.35887521724038
2019-03-29,111.53837130047324,110.94321456917842
2019-04-01,112.36970183987312,111.53837130047324
2019-04-02,112.47358440259345,112.36970183987312
2019-04-03,113.22935182940512,112.47358440259345
2019-04-04,113.4560803096422,113.22935182940512
2019-04-05,112.78535800304871,113.4560803096422
2019-04-08,113.18212224178394,112.78535800304871
2019-04-09,112.0673911605381,113.18212224178394
2019-04-10,113.13490203547292,112.0673911605381
2019-04-11,113.87173705331791,113.13490203547292
2019-04-12,113.96620756440298,113.87173705331791
2019-04-15,114.24963073940238,113.96620756440298
2019-04-16,114.91087874069058,114.24963073940238
2019-04-17,114.53301970783274,114.91087874069058
2019-04-18,115.43045096198306,114.53301970783274
2019-04-22,115.83666249928228,115.43045096198306
2019-04-23,117.23479633335744,115.83666249928228
2019-04-24,118.83130117037965,117.23479633335744
2019-04-25,122.8650791341199,118.83130117037965
2019-04-26,122.5249915282065,122.8650791341199
2019-04-29,122.71393935822591,122.5249915282065
2019-04-30,122.6289159349378,122.71393935822591
2019-05-01,123.3090906231106,122.6289159349378
2019-05-02,120.90013770391324,123.3090906231106
2019-05-03,120.3144480722632,120.90013770391324
2019-05-06,119.3981059802514,120.3144480722632
2019-05-07,119.46421906202656,119.3981059802514
2019-05-08,118.50066803377204,119.46421906202656
2019-05-09,117.41427301395493,118.50066803377204
2019-05-10,117.99998438513462,117.41427301395493
2019-05-13,117.24423444712818,117.99998438513462
2019-05-14,117.01751541086756,117.24423444712818
2019-05-15,117.82047156446076,117.01751541086756
2019-05-16,120.18141735790614,117.82047156446076
2019-05-17,121.66058238372072,120.18141735790614
2019-05-20,119.96333513588748,121.66058238372072
2019-05-21,120.82618679156104,119.96333513588748
2019-05-22,120.0581524972594,120.82618679156104
2019-05-23,119.65991341765609,120.0581524972594
2019-05-24,120.33312178674828,119.65991341765609
2019-05-28,120.39950641965396,120.33312178674828
2019-05-29,118.88241814018392,120.39950641965396
2019-05-30,118.7686348954648,118.88241814018392
2019-05-31,117.79200795010442,118.7686348954648
2019-06-03,117.43171589341556,117.79200795010442
2019-06-04,114.99489620254916,117.43171589341556
2019-06-05,118.47470459069436,114.99489620254916
2019-06-06,119.88747958950178,118.47470459069436
2019-06-07,122.4949759963758,119.88747958950178
2019-06-10,125.53860928096786,122.4949759963758
2019-06-11,126.94195018650638,125.53860928096786
2019-06-12,124.59041908806007,126.94195018650638
2019-06-13,125.14039264746208,124.59041908806007
2019-06-14,125.40590359843826,125.14039264746208
2019-06-17,125.75670144723568,125.40590359843826
2019-06-18,127.2359065651968,125.75670144723568
2019-06-19,128.0038824503125,127.2359065651968
2019-06-20,130.32688682027668,128.0038824503125
2019-06-21,129.5020376598785,130.32688682027668
2019-06-24,129.90025460847994,129.5020376598785
2019-06-25,130.13727072933426,129.90025460847994
2019-06-26,127.3875505507339,130.13727072933426
2019-06-27,127.18842993503654,127.3875505507339
2019-06-28,127.59619559982237,127.18842993503654
2019-07-01,129.54940013517418,127.59619559982237
2019-07-02,129.06581596695904,129.54940013517418
2019-07-03,129.71061026020664,129.06581596695904
2019-07-05,128.89516931101207,129.71061026020664
2019-07-08,129.33131351084356,128.89516931101207
2019-07-09,128.9520920339978,129.33131351084356
2019-07-10,130.02347313002875,128.9520920339978
2019-07-11,131.0380439063367,130.02347313002875
2019-07-12,131.6543391901191,131.0380439063367
2019-07-15,132.21375996487708,131.6543391901191
2019-07-16,131.7586357197323,132.21375996487708
2019-07-17,130.5639240178385,131.7586357197323
2019-07-18,128.5253563920595,130.5639240178385
2019-07-19,132.95334378841414,128.5253563920595
2019-07-22,130.28895847945395,132.95334378841414
2019-07-23,132.51719274355128,130.28895847945395
2019-07-24,131.70174062412138,132.51719274355128
2019-07-25,133.15246467763373,131.70174062412138
2019-07-26,133.0955870720568,133.15246467763373
2019-07-29,134.16701877037724,133.0955870720568
2019-07-30,132.87752136577564,134.16701877037724
2019-07-31,133.05763327924933,132.87752136577564
2019-08-01,129.900253871064,133.05763327924933
2019-08-02,130.93375281816128,129.900253871064
2019-08-05,126.3919994681408,130.93375281816128
2019-08-06,126.86608399618176,126.3919994681408
2019-08-07,126.85660486655514,126.86608399618176
2019-08-08,129.52097248846763,126.85660486655514
2019-08-09,131.42680928918358,129.52097248846763
2019-08-12,129.96665558896896,131.42680928918358
2019-08-13,128.99944386708555,129.96665558896896
2019-08-14,129.7239428013364,128.99944386708555
2019-08-15,127.8498312621906,129.7239428013364
2019-08-16,128.31598946194757,127.8498312621906
2019-08-19,131.14146460555065,128.31598946194757
2019-08-20,131.4839029824291,131.14146460555065
2019-08-21,131.80736411768265,131.4839029824291
2019-08-22,131.9120385819854,131.80736411768265
2019-08-23,130.51354087114026,131.9120385819854
2019-08-26,128.4206097262371,130.51354087114026
2019-08-27,129.7525015841233,128.4206097262371
2019-08-28,128.31600537458436,129.7525015841233
2019-08-29,130.57061357855514,128.31600537458436
2019-08-30,132.37817013512296,130.57061357855514
2019-09-03,129.96179272125005,132.37817013512296
2019-09-04,130.61820210454746,129.96179272125005
2019-09-05,132.34011841270845,130.61820210454746
2019-09-06,133.21534614891118,132.34011841270845
2019-09-09,132.79675387818114,133.21534614891118
2019-09-10,130.14251178317696,132.79675387818114
2019-09-11,129.29586388816116,130.14251178317696
2019-09-12,131.14144145632662,129.29586388816116
2019-09-13,131.07484321284176,131.14144145632662
2019-09-16,129.21975211586005,131.07484321284176
2019-09-17,130.29474488698148,129.21975211586005
2019-09-18,130.67525751201248,130.29474488698148
2019-09-19,133.47219574914467,130.67525751201248
2019-09-20,134.1476091264444,133.47219574914467
2019-09-23,132.45425367718084,134.1476091264444
2019-09-24,133.52926186335506,132.45425367718084
2019-09-25,130.80847466089543,133.52926186335506
2019-09-26,132.6540513092792,130.80847466089543
2019-09-27,133.3294946916732,132.6540513092792
2019-09-30,131.3316888606118,133.3294946916732
2019-10-01,132.8633355971435,131.3316888606118
2019-10-02,129.6192624570765,132.8633355971435
2019-10-03,128.38255088600567,129.6192624570765
2019-10-04,130.09494649812325,128.38255088600567
2019-10-07,130.46596067858468,130.09494649812325
2019-10-08,130.40888954412475,130.46596067858468
2019-10-09,130.77041162253866,130.40888954412475
2019-10-10,131.75029765596275,130.77041162253866
2019-10-11,133.30095941581837,131.75029765596275
2019-10-14,132.89191427233033,133.30095941581837
2019-10-15,133.2438805707064,132.89191427233033
2019-10-16,133.93835569965174,133.2438805707064
2019-10-17,134.09059827162628,133.93835569965174
2019-10-18,132.9584971142297,134.09059827162628
2019-10-21,131.71219175562035,132.9584971142297
2019-10-22,132.2068723675787,131.71219175562035
2019-10-23,130.2186457746932,132.2068723675787
2019-10-24,132.6064630353074,130.2186457746932
2019-10-25,132.55888705584536,132.6064630353074
2019-10-28,137.37266941613848,132.55888705584536
2019-10-29,137.06824192167036,137.37266941613848
2019-10-30,136.5354827210682,137.06824192167036
2019-10-31,137.8483011990443,136.5354827210682
2019-11-01,137.23948318642448,137.8483011990443
2019-11-04,137.78175331155256,137.23948318642448
2019-11-05,137.91495438940314,137.78175331155256
2019-11-06,137.344105597713,137.91495438940314
2019-11-07,136.83992801338863,137.344105597713
2019-11-08,136.9730982626987,136.83992801338863
2019-11-11,138.2669344099872,136.9730982626987
2019-11-12,139.16118797629684,138.2669344099872
2019-11-13,139.59879924802777,139.16118797629684
2019-11-14,139.8651416409811,139.59879924802777
2019-11-15,141.6821742749299,139.8651416409811
2019-11-18,142.76670982492976,141.6821742749299
2019-11-19,143.53731072367168,142.76670982492976
2019-11-20,143.48160879351005,143.53731072367168
2019-11-21,142.61299409485005,143.48160879351005
2019-11-22,143.2525621394836,142.61299409485005
2019-11-25,143.18571398734477,143.2525621394836
2019-11-26,144.48391309555387,143.18571398734477
2019-11-27,145.40983954110197,144.48391309555387
2019-11-29,145.19029847283116,145.40983954110197
2019-12-02,144.91349080366052,145.19029847283116
2019-12-03,140.78975652668063,144.91349080366052
2019-12-04,143.3193608230783,140.78975652668063
2019-12-05,143.23347023877338,143.3193608230783
2019-12-06,144.13073219545493,143.23347023877338
2019-12-09,144.2071131887701,144.13073219545493
2019-12-10,144.41715522625864,144.2071131887701
2019-12-11,144.65575200979637,144.41715522625864
2019-12-12,144.7607844642924,144.65575200979637
2019-12-13,146.0493949114461,144.7607844642924
2019-12-16,148.06358976417897,146.0493949114461
2019-12-17,148.38809707618705,148.06358976417897
2019-12-18,147.2903653125848,148.38809707618705
2019-12-19,147.00398339534942,147.2903653125848
2019-12-20,150.2018222822361,147.00398339534942
2019-12-23,150.93683180562138,150.2018222822361
2019-12-24,150.32590189305478,150.93683180562138
2019-12-26,150.40227811560572,150.32590189305478
2019-12-27,152.20642395398073,150.40227811560572
2019-12-30,151.76731694488873,152.20642395398073
2019-12-31,149.64817470627386,151.76731694488873
2020-01-02,151.56683443806205,149.64817470627386
2020-01-03,151.12773328370503,151.56683443806205
2020-01-06,149.9440998769607,151.12773328370503
2020-01-07,152.0822847516047,149.9440998769607
2020-01-08,151.71004582761572,152.0822847516047
2020-01-09,154.48784333835496,151.71004582761572
2020-01-10,155.423335359617,154.48784333835496
2020-01-13,154.4114740608552,155.423335359617
2020-01-14,155.96744915551147,154.4114740608552
2020-01-15,155.23241007287436,155.96744915551147
2020-01-16,156.8838572072704,155.23241007287436
2020-01-17,159.81433587734148,156.8838572072704
2020-01-21,159.10794255718054,159.81433587734148
2020-01-22,159.79523847784247,159.10794255718054
2020-01-23,158.6402269931,159.79523847784247
2020-01-24,159.9002113879285,158.6402269931
2020-01-27,153.8292272418884,159.9002113879285
2020-01-28,156.33973257783853,153.8292272418884
2020-01-29,160.21527757735336,156.33973257783853
2020-01-30,166.14315693787148,160.21527757735336
2020-01-31,164.38675074270793,166.14315693787148
2020-02-03,162.6876216573005,164.38675074270793
2020-02-04,169.0928045525023,162.6876216573005
2020-02-05,175.66980217702863,169.0928045525023
2020-02-06,172.7488152965337,175.66980217702863
2020-02-07,174.54333945552742,172.7488152965337
2020-02-10,175.24022348953673,174.54333945552742
2020-02-11,181.98903766180297,175.24022348953673
2020-02-12,177.14933524587363,181.98903766180297
2020-02-13,174.76294940925624,177.14933524587363
2020-02-14,174.92521894941493,174.76294940925624
2020-02-18,177.17799477429256,174.92521894941493
2020-02-19,180.00700463143806,177.17799477429256
2020-02-20,178.94456451309836,180.00700463143806
2020-02-21,175.3264154675454,178.94456451309836
2020-02-24,160.58585780799982,175.3264154675454
2020-02-25,166.74051131834014,160.58585780799982
2020-02-26,162.4427931635171,166.74051131834014
2020-02-27,156.3263900928328,162.4427931635171
2020-02-28,145.8835746648331,156.3263900928328
2020-03-02,158.231207136145,145.8835746648331
2020-03-03,166.3577164010611,158.231207136145
2020-03-04,161.27505550994934,166.3577164010611
2020-03-05,158.93956594908934,161.27505550994934
2020-03-06,155.64681123678957,158.93956594908934
2020-03-09,144.53397486706558,155.64681123678957
2020-03-10,151.38741218226505,144.53397486706558
2020-03-11,150.40150197475725,151.38741218226505
2020-03-12,139.0780389658794,150.40150197475725
2020-03-13,141.18383651086268,139.0780389658794
2020-03-16,134.00501978335495,141.18383651086268
2020-03-17,134.00502955980318,134.00501978335495
2020-03-18,132.09065546935233,134.00502955980318
2020-03-19,136.6563968867101,132.09065546935233
2020-03-20,139.7480799033925,136.6563968867101
2020-03-23,131.14307386995858,139.7480799033925
2020-03-24,137.59446737731713,131.14307386995858
2020-03-25,142.53346802938665,137.59446737731713
2020-03-26,142.04530201913704,142.53346802938665
2020-03-27,145.25186150604966,142.04530201913704
2020-03-30,145.91232801235856,145.25186150604966
2020-03-31,152.57428483607072,145.91232801235856
2020-04-01,146.4483546017773,152.57428483607072
2020-04-02,145.35717025269807,146.4483546017773
2020-04-03,148.45841886264432,145.35717025269807
2020-04-06,153.45492996002932,148.45841886264432
2020-04-07,162.32793231073012,153.45492996002932
2020-04-08,158.5758148434227,162.32793231073012
2020-04-09,159.23625593654953,158.5758148434227
2020-04-13,157.3122914679611,159.23625593654953
2020-04-14,161.76322522842725,157.3122914679611
2020-04-15,163.86897788274868,161.76322522842725
2020-04-16,166.83626285245634,163.86897788274868
2020-04-17,171.81358822458955,166.83626285245634
2020-04-20,169.06649845044674,171.81358822458955
2020-04-21,166.07049574786976,169.06649845044674
2020-04-22,164.05088030656984,166.07049574786976
2020-04-23,166.6544186775328,164.05088030656984
2020-04-24,164.6921961079911,166.6544186775328
2020-04-27,169.02819727967727,164.6921961079911
2020-04-28,168.07098913910997,169.02819727967727
2020-04-29,165.8024852010101,168.07098913910997
2020-04-30,172.29214487853974,165.8024852010101
2020-05-01,168.27199104759472,172.29214487853974
2020-05-04,167.01815009067673,168.27199104759472
2020-05-05,172.88563361108132,167.01815009067673
2020-05-06,174.28310988132503,172.88563361108132
2020-05-07,176.28359082938823,174.28310988132503
2020-05-08,177.0589155703363,176.28359082938823
2020-05-11,175.30729302541394,177.0589155703363
2020-05-12,178.80099187055717,175.30729302541394
2020-05-13,174.7329904875629,178.80099187055717
2020-05-14,169.93752944441883,174.7329904875629
2020-05-15,171.3924103645551,169.93752944441883
2020-05-18,177.79592409786156,171.3924103645551
2020-05-19,177.10679867727748,177.79592409786156
2020-05-20,177.3888687067968,177.10679867727748
2020-05-21,177.95518028333498,177.3888687067968
2020-05-22,175.83390963368913,177.95518028333498
2020-05-26,178.8574085937518,175.83390963368913
2020-05-27,172.96397291656262,178.8574085937518
2020-05-28,173.48228225914846,172.96397291656262
2020-05-29,175.39235632260818,173.48228225914846
2020-06-01,175.21000969417707,175.39235632260818
2020-06-02,176.85136234882526,175.21000969417707
2020-06-03,177.3984689744724,176.85136234882526
2020-06-04,176.89937364179772,177.3984689744724
2020-06-05,175.28680217113944,176.89937364179772
2020-06-08,178.4734734319101,175.28680217113944
2020-06-09,180.45075909258605,178.4734734319101
2020-06-10,183.4551166633408,180.45075909258605
2020-06-11,185.37478704113605,183.4551166633408
2020-06-12,182.88877062323655,185.37478704113605
2020-06-15,177.16814933862176,182.88877062323655
2020-06-16,185.14440201646784,177.16814933862176
2020-06-17,187.19847151579805,185.14440201646784
2020-06-18,186.20984487209265,187.19847151579805
2020-06-19,190.6154962359095,186.20984487209265
2020-06-22,187.9279663598332,190.6154962359095
2020-06-23,193.9749805641428,187.9279663598332
2020-06-24,193.50463898033323,193.9749805641428
2020-06-25,189.8573040017162,193.50463898033323
2020-06-26,191.70973926885765,189.8573040017162
2020-06-29,187.91835250772525,191.70973926885765
2020-06-30,189.93403700874228,187.91835250772525
2020-07-01,194.98279337525491,189.93403700874228
2020-07-02,197.42084266089836,194.98279337525491
2020-07-06,200.44435306598547,197.42084266089836
2020-07-07,201.9993048493179,200.44435306598547
2020-07-08,201.63454111797887,201.9993048493179
2020-07-09,207.64318004100815,201.63454111797887
2020-07-10,205.0420164333308,207.64318004100815
2020-07-13,205.8674413979546,205.0420164333308
2020-07-14,197.8527862419677,205.8674413979546
2020-07-15,201.1450335779353,197.8527862419677
2020-07-16,197.152056865434,201.1450335779353
2020-07-17,196.2594257601162,197.152056865434
2020-07-20,196.7680944643047,196.2594257601162
2020-07-21,205.08036282280696,196.7680944643047
2020-07-22,200.799463939146,205.08036282280696
2020-07-23,198.8701920137259,200.799463939146
2020-07-24,192.37200707149725,198.8701920137259
2020-07-27,193.37990221149863,192.37200707149725
2020-07-28,195.43397114443204,193.37990221149863
2020-07-29,194.3685352414771,195.43397114443204
2020-07-30,192.9287371873688,194.3685352414771
2020-07-31,196.1922042470892,192.9287371873688
2020-08-03,203.0263623174374,196.1922042470892
2020-08-04,205.56991818694544,203.0263623174374
2020-08-05,206.27059997009545,205.56991818694544
2020-08-06,203.81341280887844,206.27059997009545
2020-08-07,206.22261074447047,203.81341280887844
2020-08-10,203.1703165008788,206.22261074447047
2020-08-11,198.84143823433007,203.1703165008788
2020-08-12,197.0464689170072,198.84143823433007
2020-08-13,201.0298244691704,197.0464689170072
2020-08-14,200.37717323187897,201.0298244691704
2020-08-17,201.1834333098793,200.37717323187897
2020-08-18,202.07607086878687,201.1834333098793
2020-08-19,203.48822856121845,202.07607086878687
2020-08-20,201.6120151874665,203.48822856121845
2020-08-21,205.76854196753655,201.6120151874665
2020-08-24,206.66333750991583,205.76854196753655
2020-08-25,205.03732499211057,206.66333750991583
2020-08-26,209.63641681882623,205.03732499211057
2020-08-27,214.45691838795236,209.63641681882623
2020-08-28,219.54675464075623,214.45691838795236
2020-08-31,218.4113925977586,219.54675464075623
2020-09-01,216.97778412727217,218.4113925977586
2020-09-02,219.34470815240513,216.97778412727217
2020-09-03,220.59549660068504,219.34470815240513
2020-09-04,206.96164474273783,220.59549660068504
2020-09-08,198.68703419320943,206.96164474273783
2020-09-09,199.745400897871,198.68703419320943
2020-09-10,205.3259434162522,199.745400897871
2020-09-11,199.36054653866395,205.3259434162522
2020-09-14,196.51255926382413,199.36054653866395
2020-09-15,200.5343574385107,196.51255926382413
2020-09-16,202.6511510846757,200.5343574385107
2020-09-17,192.4810574027475,202.6511510846757
2020-09-18,195.127017632901,192.4810574027475
2020-09-21,189.72925874031984,195.127017632901
2020-09-22,197.30152543226745,189.72925874031984
2020-09-23,200.03407928391616,197.30152543226745
2020-09-24,192.28864656073924,200.03407928391616
2020-09-25,195.84865949548796,192.28864656073924
2020-09-28,202.9013278355643,195.84865949548796
2020-09-29,201.4292249562203,202.9013278355643
2020-09-30,199.87048183587524,201.4292249562203
2020-10-01,205.4125525406392,199.87048183587524
2020-10-02,200.1302793751852,205.4125525406392
2020-10-05,199.37978288346707,200.1302793751852
2020-10-06,200.91924181932865,199.37978288346707
2020-10-07,199.22582138595564,200.91924181932865
2020-10-08,202.54531231348605,199.22582138595564
2020-10-09,203.23805900928684,202.54531231348605
2020-10-12,210.51206430675137,203.23805900928684
2020-10-13,214.29335232049817,210.51206430675137
2020-10-14,214.5627398694277,214.29335232049817
2020-10-15,208.88598158273,214.5627398694277
2020-10-16,211.82057244426065,208.88598158273
2020-10-19,212.08034757630915,211.82057244426065
2020-10-20,207.6351849491635,212.08034757630915
2020-10-21,205.0565747744682,207.6351849491635
2020-10-22,205.83586751853457,205.0565747744682
2020-10-23,206.894294344403,205.83586751853457
2020-10-26,205.7589728951411,206.894294344403
2020-10-27,203.58447383662548,205.7589728951411
2020-10-28,199.81277408368305,203.58447383662548
2020-10-29,196.34896403076615,199.81277408368305
2020-10-30,195.8005685249777,196.34896403076615
2020-11-02,196.5606240570228,195.8005685249777
2020-11-03,196.1757674540073,196.5606240570228
2020-11-04,205.92249417257187,196.1757674540073
2020-11-05,213.63906038751017,205.92249417257187
2020-11-06,213.85078684443036,213.63906038751017
2020-11-09,215.9482666319052,213.85078684443036
2020-11-10,206.38429623904577,215.9482666319052
2020-11-11,204.35415712865384,206.38429623904577
2020-11-12,208.99180827251445,204.35415712865384
2020-11-13,208.1739642422896,208.99180827251445
2020-11-16,206.74033793525987,208.1739642422896
2020-11-17,207.9238206679209,206.74033793525987
2020-11-18,206.1047029137225,207.9238206679209
2020-11-19,203.91487189418265,206.1047029137225
2020-11-20,204.70588353698125,203.91487189418265
2020-11-23,203.50004337850964,204.70588353698125
2020-11-24,202.18809243206223,203.50004337850964
2020-11-25,207.51313829161185,202.18809243206223
2020-11-27,207.2622906915674,207.51313829161185
2020-11-30,206.53881177353415,207.2622906915674
2020-12-01,206.93430563642607,206.53881177353415
2020-12-02,207.29126088912773,206.93430563642607
2020-12-03,207.03077164621303,207.29126088912773
2020-12-04,206.65455667851904,207.03077164621303
2020-12-07,206.7992376187046,206.65455667851904
2020-12-08,206.41341424547676,206.7992376187046
2020-12-09,207.56137609469448,206.41341424547676
2020-12-10,204.29109033322288,207.56137609469448
2020-12-11,202.63184297396953,204.29109033322288
2020-12-14,205.57412580594703,202.63184297396953
2020-12-15,207.57102904235464,205.57412580594703
2020-12-16,207.1658268638192,207.57102904235464
2020-12-17,212.1050337443236,207.1658268638192
2020-12-18,210.8702087402344,212.1050337443236
2020-12-21,209.8669583764434,210.8702087402344
2020-12-22,214.82542583461395,209.8669583764434
2020-12-23,215.23061750586513,214.82542583461395
2020-12-24,213.60028482209808,215.23061750586513
2020-12-28,216.52324544089436,213.60028482209808
2020-12-29,218.31754581772935,216.52324544089436
2020-12-30,217.27570427640512,218.31754581772935
2020-12-31,213.87039840086663,217.27570427640512
2021-01-04,214.67108011672624,213.87039840086663
2021-01-05,209.58716238519727,214.67108011672624
2021-01-06,204.67692815590632,209.58716238519727
2021-01-07,206.48090458530808,204.67692815590632
2021-01-08,210.95704072206647,206.48090458530808
2021-01-11,210.75446802047415,210.95704072206647
2021-01-12,208.85405350778225,210.75446802047415
2021-01-13,206.46163298922275,208.85405350778225
2021-01-14,208.28485291795937,206.46163298922275
2021-01-15,205.97926896436093,208.28485291795937
2021-01-19,206.20115613666417,205.97926896436093
2021-01-20,210.01163058035596,206.20115613666417
2021-01-21,216.76444885263817,210.01163058035596
2021-01-22,219.0603884894119,216.76444885263817
2021-01-25,221.02836523771916,219.0603884894119
2021-01-26,223.67158218627512,221.02836523771916
2021-01-27,229.5947281242748,223.67158218627512
2021-01-28,227.28913991464296,229.5947281242748
2021-01-29,227.6557255174755,227.28913991464296
2021-02-01,226.75861227662148,227.6557255174755
2021-02-02,232.77819906978667,226.75861227662148
2021-02-03,231.10929364997725,232.77819906978667
2021-02-04,234.09018810416885,231.10929364997725
2021-02-05,233.67533215612235,234.09018810416885
2021-02-08,234.5628535104182,233.67533215612235
2021-02-09,233.32804184480403,234.5628535104182
2021-02-10,236.3475256657072,233.32804184480403
2021-02-11,236.13528158931297,236.3475256657072
2021-02-12,235.3152830417069,236.13528158931297
2021-02-16,236.37649141782472,235.3152830417069
2021-02-17,233.33366904191027,236.37649141782472
2021-02-18,233.7977910115024,233.33366904191027
2021-02-19,235.68323559527133,233.7977910115024
2021-02-22,229.5627531271613,235.68323559527133
2021-02-23,222.70735938022432,229.5627531271613
2021-02-24,222.39797484329023,222.70735938022432
2021-02-25,224.39947825786928,222.39797484329023
2021-02-26,223.8676385494366,224.39947825786928
2021-03-01,228.09301226554177,223.8676385494366
2021-03-02,229.1662707141072,228.09301226554177
2021-03-03,224.47682473467253,229.1662707141072
2021-03-04,219.23621048215847,224.47682473467253
2021-03-05,221.92415279805,219.23621048215847
2021-03-08,223.7129190101345,221.92415279805
2021-03-09,225.1730036639779,223.7129190101345
2021-03-10,229.15664011730135,225.1730036639779
2021-03-11,227.18416507754895,229.15664011730135
2021-03-12,226.2655921166601,227.18416507754895
2021-03-15,227.18413770439608,226.2655921166601
2021-03-16,228.4604721175212,227.18413770439608
2021-03-17,228.33472144320783,228.4604721175212
2021-03-18,224.86354474964523,228.33472144320783
2021-03-19,223.37455538489735,224.86354474964523
2021-03-22,222.64935259908697,223.37455538489735
2021-03-23,229.63040452671015,222.64935259908697
2021-03-24,229.97849095447495,229.63040452671015
2021-03-25,227.5128800646398,229.97849095447495
2021-03-26,223.88700144017525,227.5128800646398
2021-03-29,228.7601934748005,223.88700144017525
2021-03-30,225.801457268997,228.7601934748005
2021-03-31,225.20198040543963,225.801457268997
2021-04-01,230.5779912058987,225.20198040543963
2021-04-05,234.72600724804468,230.5779912058987
2021-04-06,239.4155001585095,234.72600724804468
2021-04-07,239.60890083833849,239.4155001585095
2021-04-08,244.40472490697556,239.60890083833849
2021-04-09,244.5014532484366,244.40472490697556
2021-04-12,246.28054259623264,244.5014532484366
2021-04-13,248.74616496060787,246.28054259623264
2021-04-14,248.95885914085616,248.74616496060787
2021-04-15,249.39396885997095,248.95885914085616
2021-04-16,250.8830023994161,249.39396885997095
2021-04-19,251.5791795147208,250.8830023994161
2021-04-20,249.28764809770792,251.5791795147208
2021-04-21,250.37054318159065,249.28764809770792
2021-04-22,251.59850578156508,250.37054318159065
2021-04-23,249.3455995756145,251.59850578156508
2021-04-26,253.00054000624235,249.3455995756145
2021-04-27,252.92320080988765,253.00054000624235
2021-04-28,247.60516865114695,252.92320080988765
2021-04-29,247.0057189857729,247.60516865114695
2021-04-30,241.4750367583464,247.0057189857729
2021-05-03,245.01385406622063,241.4750367583464
2021-05-04,242.6642906822587,245.01385406622063
2021-05-05,240.81749904999444,242.6642906822587
2021-05-06,238.29391295145285,240.81749904999444
2021-05-07,243.80525783659897,238.29391295145285
2021-05-10,242.567624945774,243.80525783659897
2021-05-11,236.45679748397225,242.567624945774
2021-05-12,234.1555278301892,236.45679748397225
2021-05-13,233.7977708215267,234.1555278301892
2021-05-14,237.45266721502668,233.7977708215267
2021-05-17,238.3906040735072,237.45266721502668
2021-05-18,238.11983142326952,238.3906040735072
2021-05-19,231.92448304457383,238.11983142326952
2021-05-20,236.43096653820805,231.92448304457383
2021-05-21,239.9295785121088,236.43096653820805
2021-05-24,240.14276804353833,239.9295785121088
2021-05-25,243.99995218179816,240.14276804353833
2021-05-26,243.6704312001958,243.99995218179816
2021-05-27,243.41848850624663,243.6704312001958
2021-05-28,243.25372651076563,243.41848850624663
2021-06-01,243.47660235766529,243.25372651076563
2021-06-02,240.4723095990206,243.47660235766529
2021-06-03,237.65208531272864,240.4723095990206
2021-06-04,240.11369831050433,237.65208531272864
2021-06-07,242.26520330822757,240.11369831050433
2021-06-08,247.28533321311315,242.26520330822757
2021-06-09,245.97700556822116,247.28533321311315
2021-06-10,246.44216202928783,245.97700556822116
2021-06-11,250.0279814783494,246.44216202928783
2021-06-14,249.9407944429007,250.0279814783494
2021-06-15,251.75307010631195,249.9407944429007
2021-06-16,251.39443126094625,251.75307010631195
2021-06-17,248.16723512473413,251.39443126094625
2021-06-18,251.6173776953312,248.16723512473413
2021-06-21,251.8015192852255,251.6173776953312
2021-06-22,254.61207424039256,251.8015192852255
2021-06-23,257.7810937657533,254.61207424039256
2021-06-24,257.94583058586295,257.7810937657533
2021-06-25,258.01374328624,257.94583058586295
2021-06-28,257.97496083991825,258.01374328624
2021-06-29,260.57225082167884,257.97496083991825
2021-06-30,262.3360705201841,260.57225082167884
2021-07-01,261.28938159380704,262.3360705201841
2021-07-02,264.4002529358793,261.28938159380704
2021-07-06,269.4495188196341,264.4002529358793
2021-07-07,270.7771904881955,269.4495188196341
2021-07-08,268.35439706096736,270.7771904881955
2021-07-09,267.21084672657895,268.35439706096736
2021-07-12,270.5446550388417,267.21084672657895
2021-07-13,268.95523209497554,270.5446550388417
2021-07-14,273.6362550952573,268.95523209497554
2021-07-15,273.2969989220083,273.6362550952573
2021-07-16,273.3648102519203,273.2969989220083
2021-07-19,270.3216967005375,273.3648102519203
2021-07-20,269.44951038932874,270.3216967005375
2021-07-21,270.2926693562295,269.44951038932874
2021-07-22,275.08016861381213,270.2926693562295
2021-07-23,278.50124995779606,275.08016861381213
2021-07-26,280.08094944988113,278.50124995779606
2021-07-27,280.4976937484065,280.08094944988113
2021-07-28,280.0712515550925,280.4976937484065
2021-07-29,277.4060956704679,280.0712515550925
2021-07-30,276.3692034593632,277.4060956704679
2021-08-02,277.52245058070406,276.3692034593632
2021-08-03,276.6114548732623,277.52245058070406
2021-08-04,277.38675778162667,276.6114548732623
2021-08-05,278.0263600222219,277.38675778162667
2021-08-06,279.60610027686425,278.0263600222219
2021-08-09,280.807860729634,279.60610027686425
2021-08-10,279.88709699676326,280.807860729634
2021-08-11,278.3461330293697,279.88709699676326
2021-08-12,277.7841443008925,278.3461330293697
2021-08-13,280.5462030508814,277.7841443008925
2021-08-16,284.1417507601331,280.5462030508814
2021-08-17,283.3663255302338,284.1417507601331
2021-08-18,283.5689963926592,283.3663255302338
2021-08-19,280.3160986861139,283.5689963926592
2021-08-20,291.0261909838644,280.3160986861139
2021-08-23,294.45381675588874,291.0261909838644
2021-08-24,296.1724501915496,294.45381675588874
2021-08-25,295.4733711327904,296.1724501915496
2021-08-26,292.2593103477623,295.4733711327904
2021-08-27,290.3174090188955,292.2593103477623
2021-08-30,292.3855196954515,290.3174090188955
2021-08-31,295.58989782397674,292.3855196954515
2021-09-01,294.0848233182499,295.58989782397674
2021-09-02,293.4342950060203,294.0848233182499
2021-09-03,292.25938705217084,293.4342950060203
2021-09-07,292.27875000140284,292.25938705217084
2021-09-08,291.08443302777687,292.27875000140284
2021-09-09,292.0942922848566,291.08443302777687
2021-09-10,289.7639828932236,292.0942922848566
2021-09-13,288.91912023075906,289.7639828932236
2021-09-14,290.87080755811314,288.91912023075906
2021-09-15,294.4635238634247,290.87080755811314
2021-09-16,294.9489959662169,294.4635238634247
2021-09-17,295.34716567397015,294.9489959662169
2021-09-20,287.7345129883881,295.34716567397015
2021-09-21,287.11316111397,287.7345129883881
2021-09-22,288.12290574014423,287.11316111397
2021-09-23,290.18136109297586,288.12290574014423
2021-09-24,289.5793926915509,290.18136109297586
2021-09-27,287.5500349313378,289.5793926915509
2021-09-28,281.3939510654787,287.5500349313378
2021-09-29,276.83033664890854,281.3939510654787
2021-09-30,277.42262938302645,276.83033664890854
2021-10-01,273.93668794090405,277.42262938302645
2021-10-04,279.0635814947327,273.93668794090405
2021-10-05,275.810753529912,279.0635814947327
2021-10-06,277.49057010387935,275.810753529912
2021-10-07,286.61790021974554,277.49057010387935
2021-10-08,287.62774191888644,286.61790021974554
2021-10-11,284.42346580912283,287.62774191888644
2021-10-12,286.7732797928626,284.42346580912283
2021-10-13,286.3557636342251,286.7732797928626
2021-10-14,290.53099699177517,286.3557636342251
2021-10-15,293.57020251326225,290.53099699177517
2021-10-18,294.7645202263626,293.57020251326225
2021-10-19,299.40591269593574,294.7645202263626
2021-10-20,300.2409100982718,299.40591269593574
2021-10-21,298.260078149805,300.2409100982718
2021-10-22,301.396374745661,298.260078149805
2021-10-25,300.38662517641086,301.396374745661
2021-10-26,301.9790668554543,300.38662517641086
2021-10-27,306.8340130703277,301.9790668554543
2021-10-28,314.92233362468943,306.8340130703277
2021-10-29,314.72812277782083,314.92233362468943
2021-11-01,321.7483992181689,314.72812277782083
2021-11-02,320.7288929925852,321.7483992181689
2021-11-03,324.2147538453636,320.7288929925852
2021-11-04,323.23413624995106,324.2147538453636
2021-11-05,328.6910494183782,323.23413624995106
2021-11-08,327.51612404867024,328.6910494183782
2021-11-09,327.331648801366,327.51612404867024
2021-11-10,324.8653463513802,327.331648801366
2021-11-11,321.6416491463469,324.8653463513802
2021-11-12,324.23417186940327,321.6416491463469
2021-11-15,327.7492002091939,324.23417186940327
2021-11-16,325.9431262382948,327.7492002091939
2021-11-17,329.71071172324827,325.9431262382948
2021-11-18,328.971438390112,329.71071172324827
2021-11-19,333.30994693317655,328.971438390112
2021-11-22,335.23596167982186,333.30994693317655
2021-11-23,327.87213546649167,335.23596167982186
2021-11-24,327.1230898888703,327.87213546649167
2021-11-26,325.24569992527694,327.1230898888703
2021-11-29,325.8196087405112,325.24569992527694
2021-11-30,326.1893180869889,325.8196087405112
2021-12-01,326.00445640096814,326.1893180869889
2021-12-02,321.3059161713447,326.00445640096814
2021-12-03,322.9498712511202,321.3059161713447
2021-12-06,315.1288962489507,322.9498712511202
2021-12-07,322.6094861976196,315.1288962489507
2021-12-08,326.17952365557323,322.6094861976196
2021-12-09,325.30401993120887,326.17952365557323
2021-12-10,325.8585374509906,325.30401993120887
2021-12-13,331.4033171728672,325.8585374509906
2021-12-14,324.14644522036787,331.4033171728672
2021-12-15,319.6619963887744,324.14644522036787
2021-12-16,326.56865175470983,319.6619963887744
2021-12-17,312.14243841653024,326.56865175470983
2021-12-20,311.3350249012845,312.14243841653024
2021-12-21,314.4868794889813,311.3350249012845
2021-12-22,319.3603867790755,314.4868794889813
2021-12-23,323.6892093705167,319.3603867790755
2021-12-27,326.3254390997636,323.6892093705167
2021-12-28,333.8060207410828,326.3254390997636
2021-12-29,332.00643908331915,333.8060207410828
2021-12-30,332.59979299362385,332.00643908331915
2021-12-31,329.2924172414744,332.59979299362385
2022-01-03,326.21849472143583,329.2924172414744
2022-01-04,325.7126166614886,326.21849472143583
2022-01-05,316.98688779863863,325.7126166614886
2022-01-06,304.6229360221158,316.98688779863863
2022-01-07,305.59566842155346,304.6229360221158
2022-01-10,301.0625331039594,305.59566842155346
2022-01-11,304.84666874501306,301.0625331039594
2022-01-12,310.9654481070807,304.84666874501306
2022-01-13,311.7436252200972,310.9654481070807
2022-01-14,295.96530194791075,311.7436252200972
2022-01-18,295.7902211612541,295.96530194791075
2022-01-19,297.9497639039901,295.7902211612541
2022-01-20,300.6540445871307,297.9497639039901
2022-01-21,294.44776829500927,300.6540445871307
2022-01-24,284.2434009991435,294.44776829500927
2022-01-25,283.58186040041585,284.2434009991435
2022-01-26,299.60349272546875,283.58186040041585
2022-01-27,294.4185725358936,299.60349272546875
2022-01-28,292.05477669895004,294.4185725358936
2022-01-31,300.5373020221314,292.05477669895004
2022-02-01,301.9576039691338,300.5373020221314
2022-02-02,301.1987730404669,301.9576039691338
2022-02-03,301.0625819638804,301.1987730404669
2022-02-04,292.0353001493062,301.0625819638804
2022-02-07,297.8330183026639,292.0353001493062
2022-02-08,293.0469791946189,297.8330183026639
2022-02-09,301.4322704184702,293.0469791946189
2022-02-10,295.7611036024189,301.4322704184702
2022-02-11,294.9341740286448,295.7611036024189
2022-02-14,285.7705844635365,294.9341740286448
2022-02-15,291.8408030542407,285.7705844635365
2022-02-16,290.8455137721883,291.8408030542407
2022-02-17,288.88628071203937,290.8455137721883
2022-02-18,285.65969963957934,288.88628071203937
2022-02-22,277.812704676035,285.65969963957934
2022-02-23,282.86208392715645,277.812704676035
2022-02-24,265.6376972494891,282.86208392715645
2022-02-25,287.6969362890614,265.6376972494891
2022-02-28,286.8879725712154,287.6969362890614
2022-03-01,288.9252256042664,286.8879725712154
2022-03-02,287.9114181165959,288.9252256042664
2022-03-03,295.25153300697923,287.9114181165959
2022-03-04,286.8684448672686,295.25153300697923
2022-03-07,281.25370554415764,286.8684448672686
2022-03-08,270.7942998058096,281.25370554415764
2022-03-09,276.29203489919934,270.7942998058096
2022-03-10,275.88265227991445,276.29203489919934
2022-03-11,280.69809115784795,275.88265227991445
2022-03-14,273.27027022073963,280.69809115784795
2022-03-15,273.2799462556572,273.27027022073963
2022-03-16,281.8190374929418,273.2799462556572
2022-03-17,285.8936727522642,281.8190374929418
2022-03-18,287.92121502824654,285.8936727522642
2022-03-21,291.3524508132056,287.92121502824654
2022-03-22,292.2394806334095,291.3524508132056
2022-03-23,292.93158249273176,292.2394806334095
2022-03-24,291.5961828889944,292.93158249273176
2022-03-25,297.53259680073916,291.5961828889944
2022-03-28,296.65524087861996,297.53259680073916
2022-03-29,305.9936384202282,296.65524087861996
2022-03-30,305.8474309093087,305.9936384202282
2022-03-31,305.98390660172134,305.8474309093087
2022-04-01,301.56812540407276,305.98390660172134
2022-04-04,302.26994819237575,301.56812540407276
2022-04-05,305.3698125875941,302.26994819237575
2022-04-06,297.4935298817285,305.3698125875941
2022-04-07,289.1786849009009,297.4935298817285
2022-04-08,292.8633584995333,289.1786849009009
2022-04-11,284.4314837001225,292.8633584995333
2022-04-12,281.9457616678411,284.4314837001225
2022-04-13,275.5999723230315,281.9457616678411
2022-04-14,280.82477532638273,275.5999723230315
2022-04-18,271.87629487230055,280.82477532638273
2022-04-19,272.3344435881337,271.87629487230055
2022-04-20,282.101771947732,272.3344435881337
2022-04-21,281.3024038192042,282.101771947732
2022-04-22,274.57642624284045,281.3024038192042
2022-04-25,266.39803633315773,274.57642624284045
2022-04-26,270.5018959703177,266.39803633315773
2022-04-27,274.9858557260027,270.5018959703177
2022-04-28,277.9978961517353,274.9858557260027
2022-04-29,281.33171775194916,277.9978961517353
2022-05-02,270.7065493914021,281.33171775194916
2022-05-03,276.7989361292909,270.7065493914021
2022-05-04,275.4635548262336,276.7989361292909
2022-05-05,278.33905179070734,275.4635548262336
2022-05-06,267.8797272508487,278.33905179070734
2022-05-09,263.2494978241472,267.8797272508487
2022-05-10,264.8383256070772,263.2494978241472
2022-05-11,258.9799429594715,264.8383256070772
2022-05-12,251.1914311623768,258.9799429594715
2022-05-13,250.86005712778004,251.1914311623768
2022-05-16,253.404193134665,250.86005712778004
2022-05-17,259.39907029430674,253.404193134665
2022-05-18,256.96462907264123,259.39907029430674
2022-05-19,248.0734561306582,256.96462907264123
2022-05-20,251.336770223208,248.0734561306582
2022-05-23,249.62695761286105,251.336770223208
2022-05-24,251.97192028094892,249.62695761286105
2022-05-25,252.2162340290929,251.97192028094892
2022-05-26,256.2513925154789,252.2162340290929
2022-05-27,262.3189185167098,256.2513925154789
2022-05-31,266.2759307760197,262.3189185167098
2022-06-01,268.8846597665916,266.2759307760197
2022-06-02,258.3813599596805,268.8846597665916
2022-06-03,264.1068396667638,258.3813599596805
2022-06-06,265.816680309024,264.1068396667638
2022-06-07,260.5211630991976,265.816680309024
2022-06-08,265.4747453002484,260.5211630991976
2022-06-09,261.6348757129875,265.4747453002484
2022-06-10,254.60016185798392,261.6348757129875
2022-06-13,239.4851805295695,254.60016185798392
2022-06-14,238.26384714045005,239.4851805295695
2022-06-15,242.6117484788811,238.26384714045005
2022-06-16,240.33520565588944,242.6117484788811
2022-06-17,239.08458840742492,240.33520565588944
2022-06-21,244.51699356218077,239.08458840742492
2022-06-22,246.10955646054185,244.51699356218077
2022-06-23,249.7051527842737,246.10955646054185
2022-06-24,255.8018837889608,249.7051527842737
2022-06-27,262.0550687832511,255.8018837889608
2022-06-28,257.9221419564602,262.0550687832511
2022-06-29,251.678794932752,257.9221419564602
2022-06-30,251.1511555936145,251.678794932752
2022-07-01,250.50630977578044,251.1511555936145
2022-07-05,250.2816351962551,250.50630977578044
2022-07-06,257.6974130616981,250.2816351962551
2022-07-07,259.0359936333195,257.6974130616981
2022-07-08,258.71356617323374,259.0359936333195
2022-07-11,259.5538260801544,258.71356617323374
2022-07-12,259.77854920606694,259.5538260801544
2022-07-13,244.4485923638724,259.77854920606694
2022-07-14,244.81988208668008,244.4485923638724
2022-07-15,249.85168356689877,244.81988208668008
2022-07-18,253.789205440495,249.85168356689877
2022-07-19,251.66900149881295,253.789205440495
2022-07-20,253.93576521951553,251.66900149881295
2022-07-21,253.82829056890776,253.93576521951553
2022-07-22,259.15325707025653,253.82829056890776
2022-07-25,255.0105200934616,259.15325707025653
2022-07-26,253.8966943407885,255.0105200934616
2022-07-27,255.16683688127296,253.8966943407885
2022-07-28,263.5597854594744,255.16683688127296
2022-07-29,271.3272696451067,263.5597854594744
2022-08-01,271.444606749198,271.3272696451067
2022-08-02,269.66631124641907,271.444606749198
2022-08-03,270.4088660501321,269.66631124641907
2022-08-04,275.33319521187644,270.4088660501321
2022-08-05,272.74403046110217,275.33319521187644
2022-08-08,277.53152983782763,272.74403046110217
2022-08-09,273.2227544817394,277.53152983782763
2022-08-10,281.5570202861987,273.2227544817394
2022-08-11,284.175504994771,281.5570202861987
2022-08-12,281.85993143304614,284.175504994771
2022-08-15,284.32206303277985,281.85993143304614
2022-08-16,285.2893498697751,284.32206303277985
2022-08-17,283.6918563410664,285.2893498697751
2022-08-18,284.13245627621524,283.6918563410664
2022-08-19,282.8693837672335,284.13245627621524
2022-08-22,276.1918113279742,282.8693837672335
2022-08-23,270.6695556640625,276.1918113279742
2022-08-24,269.6610694645273,270.6695556640625
2022-08-25,271.54091514615766,269.6610694645273
2022-08-26,273.2543867966453,271.54091514615766
2022-08-29,260.30059568573864,273.2543867966453
2022-08-30,261.10349030382076,260.30059568573864
2022-08-31,259.85014825608414,261.10349030382076
2022-09-01,253.46623349507175,259.85014825608414
2022-09-02,256.23725002437095,253.46623349507175
2022-09-06,250.8520254014025,256.23725002437095
2022-09-07,249.38329462378468,250.8520254014025
2022-09-08,252.1346842329514,249.38329462378468
2022-09-09,255.06221571518003,252.1346842329514
2022-09-12,260.23205814335745,255.06221571518003
2022-09-13,253.43690662678696,260.23205814335745
2022-09-14,248.23774570259533,253.43690662678696
2022-09-15,244.55623484084325,248.23774570259533
2022-09-16,239.1612192711609,244.55623484084325
2022-09-19,237.40863687528983,239.1612192711609
2022-09-20,237.01696522076853,237.40863687528983
2022-09-21,239.17103777962444,237.01696522076853
2022-09-22,232.9046104444063,239.17103777962444
2022-09-23,234.53976160325183,232.9046104444063
2022-09-26,232.1017486430267,234.53976160325183
2022-09-27,234.9705839342444,232.1017486430267
2022-09-28,231.86678669381607,234.9705839342444
2022-09-29,233.90334255103215,231.86678669381607
2022-09-30,233.31587853761883,233.90334255103215
2022-10-03,230.49599493124364,233.31587853761883
2022-10-04,239.97391960048336,230.49599493124364
2022-10-05,240.8551530786187,239.97391960048336
2022-10-06,242.75466110626996,240.8551530786187
2022-10-07,235.87139983946656,242.75466110626996
2022-10-10,228.1852652907987,235.87139983946656
2022-10-11,222.868617415671,228.1852652907987
2022-10-12,220.69491296541872,222.868617415671
2022-10-13,215.260813649644,220.69491296541872
2022-10-14,230.62327997694132,215.260813649644
2022-10-17,230.89741980026065,230.62327997694132
2022-10-18,238.16254566937872,230.89741980026065
2022-10-19,232.0919634303183,238.16254566937872
2022-10-20,230.8484471916488,232.0919634303183
2022-10-21,229.83998021019283,230.8484471916488
2022-10-24,238.67171258156176,229.83998021019283
2022-10-25,242.0986065964554,238.67171258156176
2022-10-26,226.34451620438443,242.0986065964554
2022-10-27,226.21718131389076,226.34451620438443
2022-10-28,221.5173953809148,226.21718131389076
2022-10-31,228.8804498149715,221.5173953809148
2022-11-01,229.70287469133743,228.8804498149715
2022-11-02,224.67020238398,229.70287469133743
2022-11-03,215.49576989713023,224.67020238398
2022-11-04,213.00877700889572,215.49576989713023
2022-11-07,217.35610886947745,213.00877700889572
2022-11-08,223.9260644471672,217.35610886947745
2022-11-09,222.6238016363137,223.9260644471672
2022-11-10,230.515571727907,222.6238016363137
2022-11-11,237.91777362051937,230.515571727907
2022-11-14,236.93864547897456,237.91777362051937
2022-11-15,240.53202842828813,236.93864547897456
2022-11-16,238.3918546720114,240.53202842828813
2022-11-17,233.47264075020115,238.3918546720114
2022-11-18,239.09882143559935,233.47264075020115
2022-11-21,237.05651949394007,239.09882143559935
2022-11-22,239.17737646147847,237.05651949394007
2022-11-23,240.66985070471313,239.17737646147847
2022-11-25,242.82999727913528,240.66985070471313
2022-11-28,241.6222742782331,242.82999727913528
2022-11-29,237.027064989401,241.6222742782331
2022-11-30,236.21210017721677,237.027064989401
2022-12-01,249.2711258412189,236.21210017721677
2022-12-02,245.29454527511953,249.2711258412189
2022-12-05,247.4448425749525,245.29454527511953
2022-12-06,246.2764137142749,247.4448425749525
2022-12-07,240.39494158070943,246.2764137142749
2022-12-08,240.40474204316993,240.39494158070943
2022-12-09,240.26725425451173,240.40474204316993
2022-12-12,242.96744005801403,240.26725425451173
2022-12-13,256.94949571953015,242.96744005801403
2022-12-14,252.47211977688755,256.94949571953015
2022-12-15,249.1238764690628,252.47211977688755
2022-12-16,244.0475385389959,249.1238764690628
2022-12-19,240.424385676434,244.0475385389959
2022-12-20,235.06326677746307,240.424385676434
2022-12-21,237.311811174577,235.06326677746307
2022-12-22,236.88957762417527,237.311811174577
2022-12-23,231.83286167183076,236.88957762417527
2022-12-27,234.37596618226544,231.83286167183076
2022-12-28,232.5987588155398,234.37596618226544
2022-12-29,231.38119968123485,232.5987588155398
2022-12-30,233.89484197649975,231.38119968123485
2023-01-03,238.6766338893005,233.89484197649975
2023-01-04,228.07227767052504,238.6766338893005
2023-01-05,223.0843160116747,228.07227767052504
2023-01-06,218.96039179670976,223.0843160116747
2023-01-09,222.34786087714497,218.96039179670976
2023-01-10,223.6341254274707,222.34786087714497
2023-01-11,227.10019792483945,223.6341254274707
2023-01-12,230.99829585800464,227.10019792483945
2023-01-13,232.70674766587976,230.99829585800464
2023-01-17,233.65920237830696,232.70674766587976
2023-01-18,237.19396675189896,233.65920237830696
2023-01-19,229.5451006306224,237.19396675189896
2023-01-20,230.60551909385947,229.5451006306224
2023-01-23,236.7325136482929,230.60551909385947
2023-01-24,238.1071302689207,236.7325136482929
2023-01-25,230.2323979946764,238.1071302689207
2023-01-26,239.23631609313665,230.2323979946764
2023-01-27,244.4795782533274,239.23631609313665
2023-01-30,240.08068968374295,244.4795782533274
2023-01-31,239.03991858279355,240.08068968374295
2023-02-01,243.507493740727,239.03991858279355
2023-02-02,254.131528608111,243.507493740727
2023-02-03,254.8384743854471,254.131528608111
2023-02-06,252.7765133144919,254.8384743854471
2023-02-07,255.81054419875983,252.7765133144919
2023-02-08,268.25102168143684,255.81054419875983
2023-02-09,268.84012651357125,268.25102168143684
2023-02-10,256.7923871898371,268.84012651357125
2023-02-13,262.7916999067122,256.7923871898371
2023-02-14,267.7306581899641,262.7916999067122
2023-02-15,264.11932371191284,267.7306581899641
2023-02-16,259.88658706642394,264.11932371191284
2023-02-17,255.3290922527676,259.88658706642394
2023-02-21,250.4959553706836,255.3290922527676
2023-02-22,250.11207443958384,250.4959553706836
2023-02-23,251.55904328555937,250.11207443958384
2023-02-24,246.0467338648536,251.55904328555937
2023-02-27,248.50760176361655,246.0467338648536
2023-02-28,245.17065572399935,248.50760176361655
2023-03-01,246.8341863098164,245.17065572399935
2023-03-02,242.69010309363983,246.8341863098164
2023-03-03,248.24181531401277,242.69010309363983
2023-03-06,252.41542732051573,248.24181531401277
2023-03-07,252.287461805782,252.41542732051573
2023-03-08,250.0628228759873,252.287461805782
2023-03-09,251.81498682862087,250.0628228759873
2023-03-10,247.1491888076624,251.81498682862087
2023-03-13,243.52680285893817,247.1491888076624
2023-03-14,252.7304240608025,243.52680285893817
2023-03-15,255.9098212429612,252.7304240608025
2023-03-16,261.05798023414945,255.9098212429612
2023-03-17,273.9036927174477,261.05798023414945
2023-03-20,272.643714369976,273.9036927174477
2023-03-21,270.57658976474096,272.643714369976
2023-03-22,269.1197379308607,270.57658976474096
2023-03-23,273.5886034295443,269.1197379308607
2023-03-24,272.8996671709077,273.5886034295443
2023-03-27,276.1085945660647,272.8996671709077
2023-03-28,271.4723425051547,276.1085945660647
2023-03-29,274.5926869792437,271.4723425051547
2023-03-30,279.7802016370314,274.5926869792437
2023-03-31,279.28800755276933,279.7802016370314
2023-04-03,282.0343701563342,279.28800755276933
2023-04-04,282.7332257176792,282.0343701563342
2023-04-05,281.37482777678053,282.7332257176792
2023-04-06,278.77615698093774,281.37482777678053
2023-04-10,284.68223121557776,278.77615698093774
2023-04-11,281.27642916480585,284.68223121557776
2023-04-12,280.331454092245,281.27642916480585
2023-04-13,279.15021586087715,280.331454092245
2023-04-14,282.5068305661248,279.15021586087715
2023-04-17,285.3909700049731,282.5068305661248
2023-04-18,287.0052911530972,285.3909700049731
2023-04-19,281.51263430866226,287.0052911530972
2023-04-20,280.7842156136177,281.51263430866226
2023-04-21,280.54799661030216,280.7842156136177
2023-04-24,277.67370102270286,280.54799661030216
2023-04-25,275.1340884128389,277.67370102270286
2023-04-26,292.05501404925786,275.1340884128389
2023-04-27,291.3364016068915,292.05501404925786
2023-04-28,299.25049675475145,291.3364016068915
2023-05-01,302.1642048581886,299.25049675475145
2023-05-02,302.9418777289602,302.1642048581886
2023-05-03,301.81967570546,302.9418777289602
2023-05-04,301.4456548397933,301.81967570546
2023-05-05,300.93377975527426,301.4456548397933
2023-05-08,305.2747728426147,300.93377975527426
2023-05-09,303.1780699689536,305.2747728426147
2023-05-10,303.78836006860274,303.1780699689536
2023-05-11,305.2452123832041,303.78836006860274
2023-05-12,305.68815505667965,305.2452123832041
2023-05-15,304.26085429922443,305.68815505667965
2023-05-16,304.97942609367624,304.26085429922443
2023-05-17,308.07292647953415,304.97942609367624
2023-05-18,310.28270017640136,308.07292647953415
2023-05-19,312.4627684149511,310.28270017640136
2023-05-22,314.29768758586613,312.4627684149511
2023-05-23,315.70835276424714,314.29768758586613
2023-05-24,310.47996842062906,315.70835276424714
2023-05-25,318.8749968584438,310.47996842062906
2023-05-26,319.6445277176384,318.8749968584438
2023-05-30,330.7031610986949,319.6445277176384
2023-05-31,327.80283457515725,330.7031610986949
2023-06-01,321.5287039010863,327.80283457515725
2023-06-02,329.7363544841506,321.5287039010863
2023-06-05,330.6932859235735,329.7363544841506
2023-06-06,330.80175444190655,330.6932859235735
2023-06-07,327.17146599385774,330.80175444190655
2023-06-08,319.5655547159742,327.17146599385774
2023-06-09,320.6014248165846,319.5655547159742
2023-06-12,324.1429125289751,320.6014248165846
2023-06-13,329.95341049295934,324.1429125289751
2023-06-14,329.82517898213644,329.95341049295934
2023-06-15,332.9227380100379,329.82517898213644
2023-06-16,346.575897868739,332.9227380100379
2023-06-20,334.7280719309583,346.575897868739
2023-06-21,331.8276851508412,334.7280719309583
2023-06-22,329.6081094184592,331.8276851508412
2023-06-23,329.8448500671527,329.6081094184592
2023-06-26,329.2135454326496,329.8448500671527
2023-06-27,327.37863643109444,329.2135454326496
2023-06-28,330.14082540190753,327.37863643109444
2023-06-29,330.19013811405165,330.14082540190753
2023-06-30,333.18910383853483,330.19013811405165
2023-07-03,334.60968039782284,333.18910383853483
2023-07-05,330.5650335205982,334.60968039782284
2023-07-06,332.7451989549393,330.5650335205982
2023-07-07,334.7379078689779,332.7451989549393
2023-07-10,330.0816433554904,334.7379078689779
2023-07-11,326.58944439701025,330.0816433554904
2023-07-12,332.05461117957884,326.58944439701025
2023-07-13,334.9746317791757,332.05461117957884
2023-07-14,342.8962447343513,334.9746317791757
2023-07-17,341.0119974589969,342.8962447343513
2023-07-18,341.1599567699789,341.0119974589969
2023-07-19,356.86503882465547,341.1599567699789
2023-07-20,348.7955115153894,356.86503882465547
2023-07-21,344.4351932948175,348.7955115153894
2023-07-24,341.1797347293557,344.4351932948175
2023-07-25,342.42271258678073,341.1797347293557
2023-07-26,336.8293171664982,342.42271258678073
2023-07-27,335.88220956155055,336.8293171664982
2023-07-28,329.16423615072927,335.88220956155055
2023-07-31,332.37034639692763,329.16423615072927
2023-08-01,330.6636616188916,332.37034639692763
2023-08-02,329.1247102537569,330.6636616188916
2023-08-03,321.5977492515645,329.1247102537569
2023-08-04,327.39836976439574,321.5977492515645
2023-08-07,323.93572805432285,327.39836976439574
2023-08-08,322.54480993915706,323.93572805432285
2023-08-09,322.0614270294025,322.54480993915706
2023-08-10,321.6174527338143,322.0614270294025
2023-08-11,315.93526826453797,321.6174527338143
2023-08-14,317.0500366268224,315.93526826453797
2023-08-15,318.63826143664926,317.0500366268224
2023-08-16,317.13801214006867,318.63826143664926
2023-08-17,316.8810112071374,317.13801214006867
2023-08-18,310.9000660727955,316.8810112071374
2023-08-21,314.30079649101214,310.9000660727955
2023-08-22,321.7843590357293,314.30079649101214
2023-08-23,320.1235801042698,321.7843590357293
2023-08-24,329.05048294908903,320.1235801042698
2023-08-25,317.8003486742055,329.05048294908903
2023-08-28,321.9425310997952,317.8003486742055
2023-08-29,318.20570528498234,321.9425310997952
2023-08-30,324.91820935696705,318.20570528498234
2023-08-31,325.44218047674366,324.91820935696705
2023-09-01,327.5280076864386,325.44218047674366
2023-09-05,325.2444131923776,327.5280076864386
2023-09-06,329.57446216279004,325.2444131923776
2023-09-07,327.5082949368657,329.57446216279004
2023-09-08,326.3219766279449,327.5082949368657
2023-09-11,333.39034548000865,326.3219766279449
2023-09-12,331.9865748697913,333.39034548000865
2023-09-13,327.52803797035625,331.9865748697913
2023-09-14,335.2785242515413,327.52803797035625
2023-09-15,333.0740001194204,335.2785242515413
2023-09-18,324.0580844389393,333.0740001194204
2023-09-19,322.44673584714667,324.0580844389393
2023-09-20,325.7486518211925,322.44673584714667
2023-09-21,315.61563077468617,325.7486518211925
2023-09-22,317.6521256558587,315.61563077468617
2023-09-25,312.97611540381934,317.6521256558587
2023-09-26,311.5327326754824,312.97611540381934
2023-09-27,308.7350248311766,311.5327326754824
2023-09-28,307.43997954346224,308.7350248311766
2023-09-29,314.1228607733478,307.43997954346224
2023-10-02,312.66960950158256,314.1228607733478
2023-10-03,317.167634390926,312.66960950158256
2023-10-04,310.4453144529802,317.167634390926
2023-10-05,315.4475399696837,310.4453144529802
2023-10-06,312.9365263852443,315.4475399696837
2023-10-09,321.0429214154338,312.9365263852443
2023-10-10,327.1820587892371,321.0429214154338
2023-10-11,327.42918731045415,327.1820587892371
2023-10-12,326.79652976741545,327.42918731045415
2023-10-13,328.5858665652145,326.79652976741545
2023-10-16,327.27098859672117,328.5858665652145
2023-10-17,325.827664522765,327.27098859672117
2023-10-18,328.6945726494821,325.827664522765
2023-10-19,328.35844548463956,328.6945726494821
2023-10-20,327.93335068809495,328.35844548463956
2023-10-23,321.7547029032871,327.93335068809495
2023-10-24,327.51818809043544,321.7547029032871
2023-10-25,341.08157042022475,327.51818809043544
2023-10-26,336.6527185001531,341.08157042022475
2023-10-27,326.6581143687127,336.6527185001531
2023-10-30,329.60405903742685,326.6581143687127
2023-10-31,334.98200058976215,329.60405903742685
2023-11-01,335.9112561909914,334.98200058976215
2023-11-02,343.27618356893754,335.9112561909914
2023-11-03,345.6389384028993,343.27618356893754
2023-11-06,349.41534633116447,345.6389384028993
2023-11-07,355.2974448981005,349.41534633116447
2023-11-08,357.55134788937477,355.2974448981005
2023-11-09,358.1642694379123,357.55134788937477
2023-11-10,357.3635478564213,358.1642694379123
2023-11-13,364.0167223614231,357.3635478564213
2023-11-14,366.77487775321134,364.0167223614231
2023-11-15,367.7867626439103,366.77487775321134
2023-11-16,367.4697650343208,367.7867626439103
2023-11-17,370.09481157714856,367.4697650343208
2023-11-20,367.7273146646205,370.09481157714856
2023-11-21,372.13548017935176,367.7273146646205
2023-11-22,374.44350452118096,372.13548017935176
2023-11-24,373.7798105540461,374.44350452118096
2023-11-27,373.2350519605767,373.7798105540461
2023-11-28,374.7902561506727,373.2350519605767
2023-11-29,380.1493294028235,374.7902561506727
2023-11-30,374.92890903622725,380.1493294028235
2023-12-01,373.21521977574577,374.92890903622725
2023-12-04,365.6272685167618,373.21521977574577
2023-12-05,363.002209215325,365.6272685167618
2023-12-06,370.0255016850389,363.002209215325
2023-12-07,364.76545973280383,370.0255016850389
2023-12-08,365.7263415696411,364.76545973280383
2023-12-11,365.0131044942587,365.7263415696411
2023-12-12,367.3607883950642,365.0131044942587
2023-12-13,372.4821258317476,367.3607883950642
2023-12-14,369.79762904450155,372.4821258317476
2023-12-15,363.3984742691784,369.79762904450155
2023-12-18,365.9739856872879,363.3984742691784
2023-12-19,367.9947723838569,365.9739856872879
2023-12-20,371.47172920429006,367.9947723838569
2023-12-21,369.0547222595686,371.47172920429006
2023-12-22,370.1641379669173,369.0547222595686
2023-12-26,371.4717461526601,370.1641379669173
2023-12-27,370.1741075355698,371.4717461526601
2023-12-28,371.83823405783414,370.1741075355698
2023-12-29,372.46235152363494,371.83823405783414
2024-01-02,370.3424737462839,372.46235152363494
2024-01-03,365.5380921792409,370.3424737462839
2024-01-04,367.1825051718643,365.5380921792409
2024-01-05,365.4984700948147,367.1825051718643
2024-01-08,365.8253710003868,365.4984700948147
2024-01-09,368.509899386066,365.8253710003868
2024-01-10,372.828831535822,368.509899386066
2024-01-11,382.3682441685505,372.828831535822
2024-01-12,381.8630597761942,382.3682441685505
2024-01-16,389.95617197189966,381.8630597761942
2024-01-17,384.32963163268903,389.95617197189966
2024-01-18,388.0344497047316,384.32963163268903
2024-01-19,392.0364732172694,388.0344497047316
2024-01-22,396.25634353223927,392.0364732172694
2024-01-23,392.02652441578425,396.25634353223927
2024-01-24,397.7620686193911,392.02652441578425
2024-01-25,400.5158863337274,397.7620686193911
2024-01-26,400.5654402719064,400.5158863337274
2024-01-29,402.2394836390935,400.5654402719064
2024-01-30,408.3812111979871,402.2394836390935
2024-01-31,403.1310773427729,408.3812111979871
2024-02-01,398.0492918889721,403.1310773427729
2024-02-02,400.0106970175581,398.0492918889721
2024-02-05,406.0434180871643,400.0106970175581
2024-02-06,402.0612108490808,406.0434180871643
2024-02-07,403.6065332230961,402.0612108490808
2024-02-08,410.1543425713037,403.6065332230961
2024-02-09,411.34304822902254,410.1543425713037
2024-02-12,416.6030882773996,411.34304822902254
2024-02-13,401.1300494611104,416.6030882773996
2024-02-14,404.97813565927675,401.1300494611104
2024-02-15,405.0476293953427,404.97813565927675
2024-02-16,404.86897976610464,405.0476293953427
2024-02-20,400.1847314590158,404.86897976610464
2024-02-21,397.1380014467668,400.1847314590158
2024-02-22,407.08204605240707,397.1380014467668
2024-02-23,412.5205590554713,407.08204605240707
2024-02-26,408.34246112673543,412.5205590554713
2024-02-27,404.898754425873,408.34246112673543
2024-02-28,405.0872739909664,404.898754425873
2024-02-29,405.5438348800808,405.0872739909664
2024-03-01,408.153876143975,405.5438348800808
2024-03-04,410.3074782952155,408.153876143975
2024-03-05,410.8234857245891,410.3074782952155
2024-03-06,399.9167943284723,410.8234857245891
2024-03-07,403.0429319335548,399.9167943284723
2024-03-08,404.8689575439801,403.0429319335548
2024-03-11,400.700826521959,404.8689575439801
2024-03-12,404.5315189350478,400.700826521959
2024-03-13,414.9321647542621,404.5315189350478
2024-03-14,417.0558908033508,414.9321647542621
2024-03-15,416.1131116594456,417.0558908033508
2024-03-18,411.11127379953496,416.1131116594456
2024-03-19,414.6641491974699,411.11127379953496
2024-03-20,418.8025799169323,414.6641491974699
2024-03-21,426.5732664625641,418.8025799169323
2024-03-22,426.4442947841674,426.5732664625641
2024-03-25,422.0180389961963,426.4442947841674
2024-03-26,422.3852180529654,422.0180389961963
2024-03-27,421.2241115258407,422.3852180529654
2024-03-28,417.7704594727013,421.2241115258407
2024-04-01,420.7378213676411,417.7704594727013
2024-04-02,416.9268863860004,420.7378213676411
2024-04-03,416.54979735190346,416.9268863860004
2024-04-04,421.76992047315406,416.54979735190346
2024-04-05,416.8276974614869,421.76992047315406
2024-04-08,421.9485777283347,416.8276974614869
2024-04-09,423.20896224870864,421.9485777283347
2024-04-10,418.9911394928746,423.20896224870864
2024-04-11,422.5936541739285,418.9911394928746
2024-04-12,420.8370424284517,422.5936541739285
2024-04-15,423.36774724307367,420.8370424284517
2024-04-16,411.4289086182102,423.36774724307367
2024-04-17,414.0885872118868,411.4289086182102
2024-04-18,407.5187673684452,414.0885872118868
2024-04-19,400.9687488676842,407.5187673684452
2024-04-22,397.04862935947983,400.9687488676842
2024-04-23,401.1771473553241,397.04862935947983
2024-04-24,406.45684392489727,401.1771473553241
2024-04-25,391.0445210103423,406.45684392489727
2024-04-26,409.0470757072221,391.0445210103423
2024-04-29,402.1795096483343,409.0470757072221
2024-04-30,398.4479657229549,402.1795096483343
2024-05-01,389.635268755834,398.4479657229549
2024-05-02,394.6469936602289,389.635268755834
2024-05-03,399.2319782023512,394.6469936602289
2024-05-06,405.6628958084665,399.2319782023512
2024-05-07,411.5182242956741,405.6628958084665
2024-05-08,405.07740513834375,411.5182242956741
2024-05-09,407.45921271703617,405.07740513834375
2024-05-10,409.8112455392715,407.45921271703617
2024-05-13,414.8428311528105,409.8112455392715
2024-05-14,408.8981987547859,414.8428311528105
2024-05-15,415.4817268366252,408.8981987547859
2024-05-16,419.3591433257316,415.4817268366252
2024-05-17,420.09488474644235,419.3591433257316
2024-05-20,417.77831310874586,420.09488474644235
2024-05-21,424.36004826198655,417.77831310874586
2024-05-22,427.60118209872775,424.36004826198655
2024-05-23,430.46453792464195,427.60118209872775
2024-05-24,424.71796179341015,430.46453792464195
2024-05-28,427.14385491376675,424.71796179341015
2024-05-29,423.22665032702537,427.14385491376675
2024-05-30,421.8446642438629,423.22665032702537
2024-05-31,414.3383733012913,421.8446642438629
2024-06-03,413.1254536486165,414.3383733012913
2024-06-04,410.04337212748766,413.1254536486165
2024-06-05,415.3922317370634,410.04337212748766
2024-06-06,421.5563568996983,415.3922317370634
2024-06-07,423.73371564550735,421.5563568996983
2024-06-10,422.2423734838643,423.73371564550735
2024-06-11,423.01786084549974,422.2423734838643
2024-06-12,432.8009161252906,423.01786084549974
2024-06-13,438.2989324414096,432.8009161252906
2024-06-14,435.74378876375306,438.2989324414096
2024-06-17,440.0288392462003,435.74378876375306
2024-06-18,447.1076349319816,440.0288392462003
2024-06-20,443.7173532757514,447.1076349319816
2024-06-21,444.79114029939626,443.7173532757514
2024-06-24,447.19708588858595,444.79114029939626
2024-06-25,445.65606632861267,447.19708588858595
2024-06-26,446.4017395883299,445.65606632861267
2024-06-27,449.56335593650766,446.4017395883299
2024-06-28,450.4481970791117,449.56335593650766
2024-07-01,446.0636978119352,450.4481970791117
2024-07-02,450.57745029839504,446.0636978119352
2024-07-03,455.5385808076234,450.57745029839504
2024-07-05,456.95033221316646,455.5385808076234
2024-07-08,463.8501958785038,456.95033221316646
2024-07-09,464.29759021110544,463.8501958785038
2024-07-10,458.5510493427235,464.29759021110544
2024-07-11,460.3008712942663,458.5510493427235
2024-07-12,451.7009001735587,460.3008712942663
2024-07-15,450.67685394437046,451.7009001735587
2024-07-16,451.5915769633523,450.67685394437046
2024-07-17,440.0288496296795,451.5915769633523
2024-07-18,441.7687136228689,440.0288496296795
2024-07-19,430.59379165551553,441.7687136228689
2024-07-22,439.23349185507885,430.59379165551553
2024-07-23,441.3312421408644,439.23349185507885
2024-07-24,437.90124163761953,441.3312421408644
2024-07-25,426.31866388501027,437.90124163761953
2024-07-26,415.7799870015666,426.31866388501027
2024-07-29,429.0825299821325,415.7799870015666
2024-07-30,425.2448982961915,429.0825299821325
2024-07-31,418.0666600260145,425.2448982961915
2024-08-01,418.3549862264431,418.0666600260145
2024-08-02,410.1030126570464,418.3549862264431
2024-08-05,386.9179967872078,410.1030126570464
2024-08-06,397.6853041219084,386.9179967872078
2024-08-07,406.27532907710327,397.6853041219084
2024-08-08,400.11118789524573,406.27532907710327
2024-08-09,401.6919660750819,400.11118789524573
2024-08-12,404.7044554196647,401.6919660750819
2024-08-13,407.2197914871499,404.7044554196647
2024-08-14,412.3996465083127,407.2197914871499
2024-08-15,418.1229861127925,412.3996465083127
2024-08-16,418.919805326896,418.1229861127925
2024-08-19,417.28632868553893,418.919805326896
2024-08-20,420.015435317403,417.28632868553893
2024-08-21,422.38589043229285,420.015435317403
2024-08-22,422.6647570977568,422.38589043229285
2024-08-23,415.3142739439322,422.6647570977568
2024-08-26,414.7067264773437,415.3142739439322
2024-08-27,411.2107324794244,414.7067264773437
2024-08-28,413.22264841837114,411.2107324794244
2024-08-29,413.2824329478728,413.22264841837114
2024-08-30,413.93977626013776,413.2824329478728
2024-09-03,416.2405478075573,413.93977626013776
2024-09-04,404.2884945573242,416.2405478075573
2024-09-05,405.9916624475026,404.2884945573242
2024-09-06,407.42592125419515,405.9916624475026
2024-09-09,405.6131601713445,407.42592125419515
2024-09-10,406.56934824108026,405.6131601713445
2024-09-11,413.84017908445105,406.56934824108026
2024-09-12,421.6189886086143,413.84017908445105
2024-09-13,424.12887859450143,421.6189886086143
2024-09-16,428.879848197679,424.12887859450143
2024-09-17,438.47140586333086,428.879848197679
2024-09-18,433.2622842089649,438.47140586333086
2024-09-19,439.4673922763036,433.2622842089649
2024-09-20,435.4734113370451,439.4673922763036
2024-09-23,432.5451724016005,435.4734113370451
2024-09-24,431.2702529601879,432.5451724016005
2024-09-25,428.1129287963964,431.2702529601879
2024-09-26,433.3519041012862,428.1129287963964
2024-09-27,429.7961684722898,433.3519041012862
2024-09-30,426.4993769553848,429.7961684722898
2024-10-01,426.7384400086305,426.4993769553848
2024-10-02,420.89189457845896,426.7384400086305
2024-10-03,415.9616796785687,420.89189457845896
2024-10-04,416.5692334072243,415.9616796785687
2024-10-07,414.3382079936023,416.5692334072243
2024-10-08,409.2585670086313,414.3382079936023
2024-10-09,414.19871346026423,409.2585670086313
2024-10-10,413.5712539026246,414.19871346026423
2024-10-11,414.4776477330423,413.5712539026246
2024-10-14,416.1010845405741,414.4776477330423
2024-10-15,420.4934907291295,416.1010845405741
2024-10-16,413.51151588006746,420.4934907291295
2024-10-17,420.6727824355961,413.51151588006746
2024-10-18,415.4736181228242,420.6727824355961
2024-10-21,414.457708513249,415.4736181228242
2024-10-22,416.8182287379404,414.457708513249
2024-10-23,429.13881136450993,416.8182287379404
2024-10-24,423.6308734743349,429.13881136450993
2024-10-25,425.0552047565001,423.6308734743349
2024-10-28,429.93564891158985,425.0552047565001
2024-10-29,426.29025434116863,429.93564891158985
2024-10-30,435.69254402246366,426.29025434116863
2024-10-31,413.7007323761392,435.69254402246366
2024-11-01,407.3760993641267,413.7007323761392
2024-11-04,408.1629209153218,407.3760993641267
2024-11-05,406.73866209939297,408.1629209153218
2024-11-06,410.7724850277819,406.73866209939297
2024-11-07,419.5971138468432,410.7724850277819
2024-11-08,423.6209440547306,419.5971138468432
2024-11-11,420.83211176857736,423.6209440547306
2024-11-12,416.5791841447968,420.83211176857736
2024-11-13,419.9556884147255,416.5791841447968
2024-11-14,423.30222788535474,419.9556884147255
2024-11-15,418.14294637599176,423.30222788535474
2024-11-18,413.21269235073834,418.14294637599176
2024-11-19,411.45973532284427,413.21269235073834
2024-11-20,415.2046922657536,411.45973532284427
2024-11-21,418.6605301722443,415.2046922657536
2024-11-22,410.5467888521348,418.6605301722443
2024-11-25,417.54278213072394,410.5467888521348
2024-11-26,418.75036014607525,417.54278213072394
2024-11-27,424.2593075311874,418.75036014607525
2024-11-29,419.2493584099212,424.2593075311874
2024-12-02,420.72641076442574,419.2493584099212
2024-12-03,428.9798333762607,420.72641076442574
2024-12-04,432.1634480898198,428.9798333762607
2024-12-05,437.0436765362191,432.1634480898198
2024-12-06,441.4148949698492,437.0436765362191
2024-12-09,441.7143023543043,441.4148949698492
2024-12-10,443.500747434082,441.7143023543043
2024-12-11,443.1614051498909,443.500747434082
2024-12-12,448.2112581986308,443.1614051498909
2024-12-13,447.5426110314286,448.2112581986308
2024-12-16,446.37494735046533,447.5426110314286
2024-12-17,450.10748972576295,446.37494735046533
2024-12-18,450.4168569277278,450.10748972576295
2024-12-19,440.73626782337294,450.4168569277278
2024-12-20,432.2432815476765,440.73626782337294
2024-12-23,435.8660369595189,432.2432815476765
2024-12-24,433.7802087154167,435.8660369595189
2024-12-26,438.20133650274425,433.7802087154167
2024-12-27,433.73031978660106,438.20133650274425
2024-12-30,425.2074080072107,433.73031978660106
2024-12-31,425.24732556190753,425.2074080072107
2025-01-02,424.67847521686525,425.24732556190753
2025-01-03,420.2373611517797,424.67847521686525
2025-01-06,427.1435291929144,420.2373611517797
2025-01-07,428.1415176926379,427.1435291929144
2025-01-08,422.6126137987443,428.1415176926379
2025-01-10,423.7802594986814,422.6126137987443
2025-01-13,414.4090535363967,423.7802594986814
2025-01-14,416.9739281792526,414.4090535363967
2025-01-15,418.2912843778652,416.9739281792526
2025-01-16,427.8421276061569,418.2912843778652
2025-01-17,433.221350403684,427.8421276061569
2025-01-21,429.33912735658424,433.221350403684
2025-01-22,436.68440364505375,429.33912735658424
2025-01-23,441.1155043659929,436.68440364505375
2025-01-24,444.2691915941594,441.1155043659929
2025-01-27,423.16152296669173,444.2691915941594
2025-01-28,433.73032267022137,423.16152296669173
2025-01-29,445.796115104224,433.73032267022137
2025-01-30,417.9319804505241,445.796115104224
2025-01-31,418.141600337115,417.9319804505241
2025-02-03,410.7763492208031,418.141600337115
2025-02-04,411.86416676091864,410.7763492208031
2025-02-05,411.5248607564065,411.86416676091864
2025-02-06,413.1715497090401,411.5248607564065
2025-02-07,415.6465973451397,413.1715497090401
2025-02-10,412.8821197108573,415.6465973451397
2025-02-11,408.8202828688126,412.8821197108573
2025-02-12,406.3951110778186,408.8202828688126
2025-02-13,406.185550721702,406.3951110778186
2025-02-14,406.9739674594389,406.185550721702
2025-02-18,407.18354917543536,406.9739674594389
2025-02-19,407.06380569744374,407.18354917543536
2025-02-20,415.2900085449219,407.06380569744374
2025-02-21,417.3399963378906,415.2900085449219
2025-02-24,408.510009765625,417.3399963378906
2025-02-25,401.1000061035156,408.510009765625
2025-02-26,398.010009765625,401.1000061035156
2025-02-27,401.2699890136719,398.010009765625
2025-02-28,392.6600036621094,401.2699890136719
2025-03-03,398.8200073242187,392.6600036621094
2025-03-04,383.3999938964844,398.8200073242187
2025-03-05,389.3399963378906,383.3999938964844
2025-03-06,394.2799987792969,389.3399963378906
2025-03-07,392.3200073242187,394.2799987792969
2025-03-10,385.8399963378906,392.3200073242187
2025-03-11,379.0,385.8399963378906
2025-03-12,382.9500122070313,379.0
2025-03-13,383.1600036621094,382.9500122070313
2025-03-14,379.7799987792969,383.1600036621094
2025-03-17,386.7000122070313,379.7799987792969
2025-03-18,387.0700073242187,386.7000122070313
2025-03-19,385.5299987792969,387.0700073242187
2025-03-20,385.739990234375,385.5299987792969
2025-03-21,383.2200012207031,385.739990234375
2025-03-24,395.3999938964844,383.2200012207031
2025-03-25,393.9200134277344,395.3999938964844
2025-03-26,395.0,393.9200134277344
2025-03-27,390.1300048828125,395.0
2025-03-28,388.0799865722656,390.1300048828125
2025-03-31,372.5400085449219,388.0799865722656
2025-04-01,374.6499938964844,372.5400085449219
2025-04-02,377.9700012207031,374.6499938964844
2025-04-03,374.7900085449219,377.9700012207031
2025-04-04,364.1300048828125,374.7900085449219
2025-04-07,350.3599853515625,364.1300048828125
